Budget,Model,Price,Model-Link,Model-Image,Model-Descrip,CPU,CPU-Link,CPU-Image,CPU-Descrip,Graphics,Graphics-Link,Graphics-Image,Graphics-Descrip,RAM,HDD,SSD,Display,Battery,Quality,Weight,Thickness
Ultra Low,ASUS T100TA,$181,http://www.amazon.com/gp/product/B00OBQ59UK/ref=as_li_tl?ie=UTF8&camp=1789&creative=390957&creativeASIN=B00OBQ59UK&linkCode=as2&tag=laplis-20&linkId=2MR27UPC4HBDP3J2,http://lappylist.com/images/laptop/ASUS%20T100TA.jpg,"The Asus T100TA is a low budget convertible with a solid, yet detachable keyboard, and long battery life",BayTrail-T Z3775,http://www.notebookcheck.net/Intel-Atom-Z3775-Tablet-SoC.115894.0.html,http://lappylist.com/images/cpu/Intel%20logo.png,"The Intel Atom Z3775 is a quad-core 1.46GHz-2.39GHz Ultra Low Voltage processor designed for Windows and Android tablets. It's well suited for browsing, streaming, and Office applications.",Intel HD Graphics,http://www.notebookcheck.net/Intel-HD-Graphics-Bay-Trail.103037.0.html,http://lappylist.com/images/gpu/Intel%20HD%20graphics%20logo.jpg,"Intel Baytrail graphics are of minimal power and therefore not good for gaming, but well capable of HD video playback and any sort of web applications.",2GB,,32GB,"10.1"" 1366x768 TN Touch",11 hrs,5/10,2.4 lbs,0.93 in
,HP Pavilion x2 10t,$259,http://www.awin1.com/cread.php?awinaffid=226241&awinmid=7168&p=http%3A%2F%2Fstore.hp.com%2Fus%2Fen%2Fpdp%2Fhp-notebook-x2---10-p020nr-%2528energy-star%2529,http://lappylist.com/images/laptop/HP%20Pavilion%20x2%2010t.jpg,"The HP Pavilion x2 is an inexpensive 10.1"" 2 in 1 laptop with a detachable base, allowing to be used solely as a tablet when needed.",Atom x5-Z8350,http://www.notebookcheck.net/Intel-Atom-x5-Z8500-SoC.146640.0.html,http://lappylist.com/images/cpu/Intel%20logo.png,"The Intel Atom x5-Z8350 is a quad-core 1.44GHz-1.92GHz Ultra Low Voltage processor designed for Windows and Android tablets. It's well suited for browsing, streaming, and Office applications.",Intel HD Graphics,http://www.notebookcheck.net/Intel-HD-Graphics-Cherry-Trail-Benchmarks.140902.0.html,http://lappylist.com/images/gpu/Intel%20HD%20graphics%20logo.jpg,"Intel Cherry Trail graphics are of minimal power and therefore not designed for gaming, but are minimally capable of it, and are roughly twice as powerful as the Bay Trail graphics.",2GB,,32GB,"10.1"" 1280x800 IPS Touch w/ Pen",9.5 hrs,5/10,2.4 lbs,0.92 in
,Dell Inspiron 11 2 in 1,$316,https://www.amazon.com/dp/B01IUYTLP2//ref=as_li_ss_tl?ie=UTF8&linkCode=ll1&tag=lappylist-20&linkId=5fbe31dc119b04e581efc236f101a646,http://lappylist.com/images/laptop/Dell%20Inspiron%2011%202in1.jpg,"The Dell Inspiron 11 is a light, solid convertible with good battery life and decent keyboard at a low budget. ",Pentium N3710,https://www.notebookcheck.net/Intel-Pentium-N3710-Laptop-Processor-Benchmarks-and-Specs.169233.0.html,http://lappylist.com/images/cpu/Intel%20logo.png,"The Pentium N3710 is a quad-core 1.1GHz-2.56GHz Ultra Low Voltage processor designed for tablets and low end laptops, being more powerful than other Intel Atom processors, but still incredibly power efficient. Well capable of browsing, streaming, or Office applications.",Intel HD Graphics,http://www.notebookcheck.net/Intel-HD-Graphics-Bay-Trail.103037.0.html,http://lappylist.com/images/gpu/Intel%20HD%20graphics%20logo.jpg,"Intel Braswell graphics are of minimal power and therefore not good for gaming, but well capable of HD video playback and any sort of web applications.",4GB,500GB 5400RPM,,"11"" 1366x768 TN Touch",7.5 hrs,5/10,3.07 lbs,0.82 in
,Microsoft Surface 3,$369,https://www.amazon.com/dp/B012DTDBI8/ref=as_li_ss_tl?ie=UTF8&linkCode=ll1&tag=lappylist-20&linkId=8bc14a4d145e8e959f397bcf5aaaa8c9,http://lappylist.com/images/laptop/Microsoft%20Surface%20Pro%203.jpg,"The Surface 3 is the more lightweight and affordable version of the higher end Surface Pro. It's extraordinarily lightweight, efficient, and supports a detachable keyboard and pen, although sold separately.",Atom x7-Z8700,http://www.notebookcheck.net/Intel-Atom-x7-Z8700-Benchmarks.140906.0.html,http://lappylist.com/images/cpu/Intel%20logo.png,"The Intel Atom x7-Z8700 is a very efficient quad-core 1.6Ghz-2.4Ghz SoC for tablets and convertibles. Suitable for Office applications, light gaming, or any mainstream use.",Intel HD Graphics,http://www.notebookcheck.net/Intel-HD-Graphics-Cherry-Trail-Benchmarks.140902.0.html,http://lappylist.com/images/gpu/Intel%20HD%20graphics%20logo.jpg,"Intel Cherry Trail graphics are the successor to the previous Bay Trail, and are capable of very light gaming and any other relatively lightweight use, up to 4K video playback.",2GB,,64GB,"10.8"" 1920x1080 IPS",10 hrs,8/10,1.3 lbs,0.34 in
,Asus T102HA,$377,https://www.amazon.com/dp/B01K1JW7RS/ref=as_li_ss_tl?ie=UTF8&linkCode=ll1&tag=lappylist-20&linkId=e391404d5118a62ed9344ad7999bae9a,http://lappylist.com/images/laptop/Asus%20T100HA.jpg,"The Asus T102HA is a low budget convertible with a solid, yet detachable keyboard, active digitizer, and long battery life.",Atom x5-Z8350,http://www.notebookcheck.net/Intel-Atom-x5-Z8500-SoC.146640.0.html,http://lappylist.com/images/cpu/Intel%20logo.png,"The Intel Atom x5-Z8350 is a quad-core 1.44GHz-1.92GHz Ultra Low Voltage processor designed for Windows and Android tablets. It's well suited for browsing, streaming, and Office applications.",Intel HD Graphics,http://www.notebookcheck.net/Intel-HD-Graphics-Cherry-Trail-Benchmarks.140902.0.html,http://lappylist.com/images/gpu/Intel%20HD%20graphics%20logo.jpg,"Intel Cherry Trail graphics are of minimal power and therefore not designed for gaming, but are minimally capable of it, and are roughly twice as powerful as the Bay Trail graphics.",4GB,,128GB,"10.1"" 1280x800 Touch w/ Pen",11 hrs,5/10,21.7 lbs,0.6 in
,Asus T300CHI,$427,https://www.amazon.com/gp/product/B00T7XR888/r/ref=as_li_ss_tl?ie=UTF8&linkCode=ll1&tag=lappylist-20&linkId=d3e21de097b56a3edd5fdcae41d671c4,http://lappylist.com/images/laptop/ASUS%20T300chi.jpg,"The T300CHI is a razor thin, ultra lightweight 12.5"" convertible with a removable 1920x1080 display, and lightweight design. For the specs, it carries an amazing bang for the buck in its price bracket.",M-5Y70,http://www.notebookcheck.net/Intel-Core-M-5Y70-SoC.125630.0.html,http://lappylist.com/images/cpu/Intel%20logo.png,"The Intel M-5Y70 is a 1.1GHz-2.6GHz extremely low voltage Broadwell processor with performance on par with the i5-4200U, but consuming less than half of the power",Intel HD 5300,http://www.notebookcheck.net/Intel-HD-Graphics-5300.125576.0.html,http://lappylist.com/images/gpu/Intel%20HD%20graphics%20logo.jpg,Intel HD 5300 graphics are quality integrated graphics capable of multi-display support and can handle extremely light gaming and any general applications,4GB,,128GB,"12.5"" 1920x1080 IPS Touch",8 hrs,7/10,1.2 lbs,0.28 in
Low,HP Pavilion x360 13,$505,https://www.amazon.com/dp/B01MTUI4HO//ref=as_li_ss_tl?ie=UTF8&linkCode=ll1&tag=lappylist-20&linkId=5ae317163cf35de024378ae116b84902,http://www.lappylist.com/images/laptop/HP%20Pavilion%20x360%2013.jpg,"The HP Pavilion 13 is a very lightweight ultraportable convertible with great battery life, and great specs for its relative price featuring a 13.3"" 1920x1080 IPS touch display. It should be noted that the quality of the IPS display is on par with the lower end Lenovo Flex IPS displays and can be compared to a mid-range TN panel in regards to its viewing angles. ",i5-7200U,http://www.notebookcheck.net/Intel-Core-i5-7200U-Notebook-Processor.172250.0.html,http://lappylist.com/images/cpu/Intel%20logo.png,"The i5-7200U is a 2.5GHz-3.1GHz Ultra low Voltage processor, having Intel HD Graphics 620 integrated, 2 cores with Hyperthreading, and Turbo Boost. It's well capable of moderate gaming, multimedia purposes, office applications, and more.",Intel Graphics 620,http://www.notebookcheck.net/Intel-HD-Graphics-620.172256.0.html,http://lappylist.com/images/gpu/Intel%20HD%20graphics%20logo.jpg,"Intel HD Graphics 620 are quality integrated graphics that support multiple display, can easily handle light gaming, and is on par with the performance of the Nvidia GT 820M.",8GB,500GB 5400RPM,,"13.3"" 1920x1080 IPS Touch",11 hrs,7/10,3.66 lbs,0.78 in
,Asus Q504UA,$509,https://click.linksynergy.com/deeplink?id=exBsg*4*zaI&mid=38606&murl=http%3A%2F%2Fwww.bestbuy.com%2Fsite%2Fasus-q304ua-2-in-1-13-3-touch-screen-laptop-intel-core-i5-6gb-memory-1tb-hard-drive-sandblasted-aluminum-silver-with-chrome-hinge%2F5562402.p%3FskuId%3D5562402,http://lappylist.com/images/laptop/Asus%20Q503UA.jpg,"The Asus Q503UA is a great mid-range, but high quality laptop with a beautiful 13.3"" 1920x1080 IPS touch display and a slim design. It's also a convertible, which folds back into a tablet. This is the Kaby L:ake iteration of the previous Q503UA and maintains all of its high points with up to date hardware.",i5-7200U,http://www.notebookcheck.net/Intel-Core-i5-7200U-Notebook-Processor.172250.0.html,http://lappylist.com/images/cpu/Intel%20logo.png,"The i5-7200U is a 2.5GHz-3.1GHz Ultra low Voltage processor, having Intel HD Graphics 620 integrated, 2 cores with Hyperthreading, and Turbo Boost. It's well capable of moderate gaming, multimedia purposes, office applications, and more.",Intel Graphics 620,http://www.notebookcheck.net/Intel-HD-Graphics-620.172256.0.html,http://lappylist.com/images/gpu/Intel%20HD%20graphics%20logo.jpg,"Intel HD Graphics 620 are quality integrated graphics that support multiple display, can easily handle light gaming, and is on par with the performance of the Nvidia GT 820M.",6GB,1TB 5400RPM,,"13.3"" 1920x1080 IPS Touch",6 hrs,8/10,3.31 lbs,0.8 in
,Dell Inspiron 13 2 in 1,$533,https://www.amazon.com/dp/B01L8PDMO6/ref=as_li_ss_tl?ie=UTF8&linkCode=ll1&tag=lappylist-20&linkId=766dd9b97046391281d8802ca22c6b08,http://lappylist.com/images/laptop/Dell%20Inspiron%2013%202%20in%201.jpg,The Dell Inspiron 13 2 in 1 is a highly portable and lightweight convertible with an Intel Kaby Lake processor and graphics.,i5-7200U,http://www.notebookcheck.net/Intel-Core-i5-7200U-Notebook-Processor.172250.0.html,http://lappylist.com/images/cpu/Intel%20logo.png,"The i5-7200U is a 2.5GHz-3.1GHz Ultra low Voltage processor, having Intel HD Graphics 620 integrated, 2 cores with Hyperthreading, and Turbo Boost. It's well capable of moderate gaming, multimedia purposes, office applications, and more.",Intel Graphics 620,http://www.notebookcheck.net/Intel-HD-Graphics-620.172256.0.html,http://lappylist.com/images/gpu/Intel%20HD%20graphics%20logo.jpg,"Intel HD Graphics 620 are quality integrated graphics that support multiple display, can easily handle light gaming, and is on par with the performance of the Nvidia GT 820M.",8GB,1TB 5400RPM,,"13.3"" 1920x1080 IPS Touch",8 hrs,7/10,3.4 lbs,0.8 in
,Dell Inspiron 13 i5379,$599,https://www.amazon.com/dp/B075KPJBNK/,http://lappylist.com/images/laptop2018/Dell%20Inspiron%2013%20i5379.jpg,"The Dell Inspiron 13 2 in 1 is a highly portable and lightweight convertible with an 8th gen Intel processor and graphics. With a full HD 1920x1080 IPS display, it's easily one of the best values in its bracket. ",i5-8250U,https://www.notebookcheck.net/Intel-Core-i5-8250U-SoC-Benchmarks-and-Specs.242172.0.html,http://lappylist.com/images/cpu/Intel%20logo.png,"The i5-8250U is a 1.6GHz-3.4GHz Ultra low Voltage processor, having Intel HD Graphics 620 integrated, 4 cores with Hyperthreading, and Turbo Boost. It's well capable of moderate gaming, multimedia purposes, office applications, and more.",Intel UHD Graphics 620,https://www.notebookcheck.net/Intel-UHD-Graphics-620-GPU-Review-Benchmarks-and-Specs.239936.0.html,http://lappylist.com/images/gpu/Intel%20HD%20graphics%20logo.jpg,"Intel HD Graphics 620 are quality integrated graphics that support multiple display, can easily handle light gaming, and is on par with the performance of the Nvidia GT 820M.",8GB,1TB 5400RPM,,"13.3"" 1920x1080 IPS Touch",8 hrs,7/10,3.44 lbs,0.77 in
,Lenovo Yoga 710 11,$699,http://lenovo.7eer.net/c/226309/218864/3808?u=http%3A%2F%2Fwww3.lenovo.com%2Fus%2Fen%2Flaptops%2Fyoga%2F700-series%2FLenovo-YOGA-710-11IKB%2Fp%2F88YG7000773,http://lappylist.com/images/laptop/Lenovo%20Y710%20Yoga.jpg,"The Yoga 710 11 is the newest iteration of the Lenovo IdeaPad Yoga convertibles line with a sleek design and the new Intel Kaby Lake processors. The 11"" Yoga is the lightest and most efficient option, going for more mainstream processing power in exchange for a 2.3lb design.",i5-7Y54,https://www.notebookcheck.net/Intel-Core-i5-7Y54-Notebook-Processor.178425.0.html,http://lappylist.com/images/cpu/Intel%20logo.png,"The i5-7Y54 is an extremely low voltage 1.2-3.2GHz dual-core processor with hyperthreading that is on par with an i3-7100U. It's well suited for general Office applications and mainstream uses, even lightweight gaming.",Intel Graphics 615,https://www.notebookcheck.net/Intel-HD-Graphics-615.174029.0.html,http://lappylist.com/images/gpu/Intel%20HD%20graphics%20logo.jpg,Intel HD Graphics 615 are quality integrated graphics capable of multi-display support and can handle extremely light gaming and any general applications,8GB,,128GB,"11"" 1920x1080 IPS Touch",8 hrs,7/10,2.3 lbs,0.59 in
Medium,Toshiba Satellite Radius 12,$729,https://www.amazon.com/dp/B01980MNX4/ref=as_li_ss_tl?ie=UTF8&linkCode=ll1&tag=lappylist-20&linkId=3a96342912930b78d5195a00cee036ae,http://lappylist.com/images/laptop/Toshiba%20Satellite%20Radius%2012.jpg,"The Radius 12 is an incredibly lightweight and compact convertible with a really phenomenol 12.5"" 4k IPS Touch display that is callibrated for color accuracy. It carries incredible value for the combination of specs and portability, which it trades for somewhat low battery life. Photographers and designers will love this little beast. ",i7-6500U,http://www.notebookcheck.net/Intel-Core-i7-6500U-Notebook-Processor.149431.0.html,http://lappylist.com/images/cpu/Intel%20logo.png,"The i7-6500U is a 2.5GHz-3.1GHz Ultra low Voltage processor, having Intel HD Graphics 520 integrated, 2 cores with Hyperthreading, and Turbo Boost. It's well capable of moderate gaming, multimedia purposes, office applications, and more.",Intel Graphics 520,http://www.notebookcheck.net/Intel-HD-Graphics-520.149940.0.html,http://lappylist.com/images/gpu/Intel%20HD%20graphics%20logo.jpg,"Intel HD Graphics 520 are quality integrated graphics that support multiple display, can easily handle light gaming, and is on par with the performance of the Nvidia GT 820M.",8GB,,256GB,"12.5"" 3840x2160 IPS Touch",4 hrs,8/10,2.9 lbs,0.6 in
,Lenovo Yoga 720 13,$779,http://lenovo.7eer.net/c/226309/218864/3808?u=http%3A%2F%2Fwww3.lenovo.com%2Fus%2Fen%2Flaptops%2Fyoga%2F700-series%2FYoga-720-13%2Fp%2F88YG7000827,http://lappylist.com/images/laptop/Lenovo%20Yoga%20720%2013.jpg,The Yoga 720 13 is the newest iteration of the Lenovo IdeaPad Yoga convertibles line with a sleek design and the new Intel Kaby Lake processors. ,i5-7200U,http://www.notebookcheck.net/Intel-Core-i5-7200U-Notebook-Processor.172250.0.html,http://lappylist.com/images/cpu/Intel%20logo.png,"The i5-7200U is a 2.5GHz-3.1GHz Ultra low Voltage processor, having Intel HD Graphics 520 integrated, 2 cores with Hyperthreading, and Turbo Boost. It's well capable of moderate gaming, multimedia purposes, office applications, and more.",Intel Graphics 620,https://www.notebookcheck.net/Intel-HD-Graphics-620.172256.0.html,http://lappylist.com/images/gpu/Intel%20HD%20graphics%20logo.jpg,"Intel HD Graphics 620 are quality integrated graphics that support multiple display, can easily handle light gaming, and is on par with the performance of the Nvidia GT 920M.",8GB,,256GB PCIe,"13.3"" 1920x1080 IPS Touch",10.5 hrs,8/10,2.9 lbs,0.6 in
,Dell Inspiron 13-7378,$799,http://www.anrdoezrs.net/links/7707423/type/dlg/http://www.dell.com/en-us/shop/productdetails/inspiron-13-7378-2-in-1-laptop/dncwsab5104h,http://lappylist.com/images/laptop/Dell%20Inspiron%2013%202%20in%201.jpg,The Dell Inspiron 13-7378 2 in 1 is a highly portable and lightweight convertible with an Intel Kaby Lake processor and graphics. Being part of Dell's 7000 series means that is at the high end of their build quality and connectivity features.,i5-7200U,http://www.notebookcheck.net/Intel-Core-i5-7200U-Notebook-Processor.172250.0.html,http://lappylist.com/images/cpu/Intel%20logo.png,"The i5-7200U is a 2.5GHz-3.1GHz Ultra low Voltage processor, having Intel HD Graphics 520 integrated, 2 cores with Hyperthreading, and Turbo Boost. It's well capable of moderate gaming, multimedia purposes, office applications, and more.",Intel Graphics 620,https://www.notebookcheck.net/Intel-HD-Graphics-620.172256.0.html,http://lappylist.com/images/gpu/Intel%20HD%20graphics%20logo.jpg,"Intel HD Graphics 620 are quality integrated graphics that support multiple display, can easily handle light gaming, and is on par with the performance of the Nvidia GT 920M.",8GB,,256GB,"13.3"" 1920x1080 IPS Touch",8 hrs,8/10,3.86 lbs,0.76 in
,Asus Zenbook UX360CA,$817,https://www.amazon.com/dp/B01GHQOD8U/ref=as_li_ss_tl?ie=UTF8&linkCode=ll1&tag=lappylist-20&linkId=b3f8152ef818023cfd98d882e1443542,http://lappylist.com/images/laptop/Asus%20UX360CA.jpg,"The Zenbook UX360CA is the upgraded convertible version of the UX305CA. It's high quality, has incredible battery life, large SSD storage, and offers incredible value for an ultraportable. ",m3-6Y30,http://www.notebookcheck.net/Intel-Core-M-5Y10-SoC.125673.0.html,http://lappylist.com/images/cpu/Intel%20logo.png,"The M3-6Y30 is an extremely low voltage 0.9-2.2GHz dual-core processor with hyperthreading that is on par with an i3-5010U. It's well suited for general Office applications and mainstream uses, even lightweight gaming.",Intel Graphics 515,http://www.notebookcheck.net/Intel-HD-Graphics-515.149941.0.html,http://lappylist.com/images/gpu/Intel%20HD%20graphics%20logo.jpg,Intel HD Graphics 515 are quality integrated graphics capable of multi-display support and can handle extremely light gaming and any general applications,8GB,,512GB,"13.3"" 1920x1080 IPS Touch",17 hrs,8/10,2.9 lbs,0.55 in
,Microsoft Surface Pro 4,$964,https://www.amazon.com/dp/B01606IDL0//ref=as_li_ss_tl?ie=UTF8&linkCode=ll1&tag=lappylist-20&linkId=49b113c65fd203afad565cfbd229d1b0,http://lappylist.com/images/laptop/Microsoft%20Surface%20Pro%204.jpg,"The Surface Pro 4 is Microsoft's first Intel Skylake iteration of their Surface tablet line. With an upgraded display, storage options, considerably more sensitive pen and memory choices. It's high quality and great for a range of uses, making it a great convertible option.",i5-6300U,http://www.notebookcheck.net/Intel-Core-i5-6300U-Notebook-Processor.149433.0.html,http://lappylist.com/images/cpu/Intel%20logo.png,"The i5-6300U is a 2.4GHz-3.0GHz Ultra low Voltage processor, having Intel HD Graphics 520 integrated, 2 cores with Hyperthreading, and Turbo Boost. It's well capable of moderate gaming, multimedia purposes, office applications, and more.",Intel Graphics 520,http://www.notebookcheck.net/Intel-HD-Graphics-520.149940.0.html,http://lappylist.com/images/gpu/Intel%20HD%20graphics%20logo.jpg,"Intel HD Graphics 520 are quality integrated graphics that support multiple display, can easily handle light gaming, and is on par with the performance of the Nvidia GT 820M.",8GB,,256GB,"12.3"" 2736x1824 IPS Touch",9 hrs,8/10,1.73 lbs,0.33 in
,HP Spectre x360 13,$989,http://www.awin1.com/cread.php?awinaffid=226241&awinmid=7168&p=http%3A%2F%2Fstore.hp.com%2Fus%2Fen%2Fpdp%2Fhp-spectre-x360-convertible-laptop-13t-touch-y5w39av-1,http://lappylist.com/images/laptop/HP%20Spectre%20x360.jpg,"The HP Spectre x360 is a high quality, extremely thin, convertible with high portability and good value for its price. Wiith a 256GB SSD and a 13.3"" 1080p IPS touch display, it's a great portable option. ",i5-7200U,http://www.notebookcheck.net/Intel-Core-i5-7200U-Notebook-Processor.172250.0.html,http://lappylist.com/images/cpu/Intel%20logo.png,"The i5-7200U is a 2.5GHz-3.1GHz Ultra low Voltage processor, having Intel HD Graphics 620 integrated, 2 cores with Hyperthreading, and Turbo Boost. It's well capable of moderate gaming, multimedia purposes, office applications, and more.",Intel Graphics 620,http://www.notebookcheck.net/Intel-HD-Graphics-520.149940.0.html,http://lappylist.com/images/gpu/Intel%20HD%20graphics%20logo.jpg,"Intel HD Graphics 620 are quality integrated graphics that support multiple display, can easily handle light gaming, and is on par with the performance of the Nvidia GT 920M.",8GB,,256GB ,"13.3"" 1920x1080 IPS Touch",16 hrs,9/10,2.89 lbs,0.55 in
,Lenovo ThinkPad Yoga 460*,"$1,071",http://lenovo.7eer.net/c/226309/218864/3808?u=http%3A%2F%2Fshop.lenovo.com%2Fus%2Fen%2Flaptops%2Fthinkpad%2Fyoga-series%2Fyoga-460%2F,http://lappylist.com/images/laptop/Lenovo%20ThinkPad%20Yoga%2015.jpg,"The Lenovo ThinkPad Yoga 460 is a high quality professional convertible with a 14"" IPS display, active digitizer (pen), and high quality keyboard.",i5-6200U,http://www.notebookcheck.net/Intel-Core-i5-6200U-Notebook-Processor.149437.0.html,http://lappylist.com/images/cpu/Intel%20logo.png,"The i5-6200U is a 2.3GHz-2.8GHz Ultra low Voltage processor, having Intel HD Graphics 520 integrated, 2 cores with Hyperthreading, and Turbo Boost. It's well capable of moderate gaming, multimedia purposes, office applications, and more.",Intel Graphics 520,http://www.notebookcheck.net/Intel-HD-Graphics-520.149940.0.html,http://lappylist.com/images/gpu/Intel%20HD%20graphics%20logo.jpg,"Intel HD Graphics 520 are quality integrated graphics that support multiple display, can easily handle light gaming, and is on par with the performance of the Nvidia GT 820M.",8GB,,128GB,"14"" 1920x1080 IPS Touch w/ Pen",10 hrs,8/10,3.9 lbs,0.74 in
,Lenovo ThinkPad Yoga 260*,"$1,151",http://lenovo.7eer.net/c/226309/218864/3808?u=http%3A%2F%2Fshop.lenovo.com%2Fus%2Fen%2Flaptops%2Fthinkpad%2Fyoga-series%2Fyoga-260,http://lappylist.com/images/laptop/Lenovo%20ThinkPad%20Yoga.jpg,"The Lenovo ThinkPad Yoga 260 is a high quality professional convertible with a 12.5"" IPS display, active digitizer (pen), and high quality keyboard.",i5-6200U,http://www.notebookcheck.net/Intel-Core-i5-6200U-Notebook-Processor.149437.0.html,http://lappylist.com/images/cpu/Intel%20logo.png,"The i5-6200U is a 2.3GHz-2.8GHz Ultra low Voltage processor, having Intel HD Graphics 520 integrated, 2 cores with Hyperthreading, and Turbo Boost. It's well capable of moderate gaming, multimedia purposes, office applications, and more.",Intel Graphics 520,http://www.notebookcheck.net/Intel-HD-Graphics-520.149940.0.html,http://lappylist.com/images/gpu/Intel%20HD%20graphics%20logo.jpg,"Intel HD Graphics 520 are quality integrated graphics that support multiple display, can easily handle light gaming, and is on par with the performance of the Nvidia GT 820M.",8GB,,128GB,"12.5"" 1920x1080 IPS Touch w/ Pen",10 hrs,9/10,2.9 lbs,0.7 in
Medium-High,Lenovo Yoga 910 13,"$1,199",http://click.linksynergy.com/fs-bin/click?id=exBsg*4*zaI&subid=&offerid=452112.1&type=10&tmpid=6075&RD_PARM1=https%3A%2F%2Fwww.microsoftstore.com%2Fstore%2Fmsusa%2Fen_US%2Fpdp%2FLenovo-Yoga-910-13IKB-80VF-Signature-Edition-2-in-1-PC%2FproductID.5072380300,http://lappylist.com/images/laptop/Lenovo%20IdeaPad%20Yoga%20900.jpg,The Yoga 910 13 is the newest iteration of the Lenovo IdeaPad Yoga convertibles line with a sleek design and the new Intel Kaby Lake processors. It replaces the previous Yoga 900 and comes with an assortment of colors and additional options.,i7-7500U,http://www.notebookcheck.net/Intel-Core-i7-7500U-Notebook-Processor.172205.0.html,http://lappylist.com/images/cpu/Intel%20logo.png,"The i7-7500U is a 2.7GHz-3.5GHz Ultra low Voltage processor, having Intel HD Graphics 620 integrated, 2 cores with Hyperthreading, and Turbo Boost. It's well capable of moderate gaming, multimedia purposes, office applications, and more.",Intel Graphics 620,http://www.notebookcheck.net/Intel-HD-Graphics-520.149940.0.html,http://lappylist.com/images/gpu/Intel%20HD%20graphics%20logo.jpg,"Intel HD Graphics 620 are quality integrated graphics that support multiple display, can easily handle light gaming, and is on par with the performance of the Nvidia GT 820M.",8GB,,256GB,"13.3"" 3200x1800 IPS Touch",10 hrs,8/10,2.8 lbs,0.59 in
,Lenovo Yoga 900s,"$1,249",http://lenovo.7eer.net/c/226309/218864/3808?u=http%3A%2F%2Fshop.lenovo.com%2Fus%2Fen%2Flaptops%2Fyoga%2F900-series%2Fyoga-900s%2F,http://lappylist.com/images/laptop/Lenovo%20Yoga%20900s.jpg,"The Lenovo Yoga 900s is the thinnest, most portable convertible on the market with an incredible 10.5 hour battery life, even in the UHD models. Includes USB C connectivity and a high quality 12.5"" 2560x1440 IPS touch display and weighing in at only 2.2lbs. ",m7-6Y75,http://www.notebookcheck.net/Intel-Core-m7-6Y75-SoC.149445.0.html,http://lappylist.com/images/cpu/Intel%20logo.png,"The m7-6Y75 is a 1.2GHz-3.1GHz Extremely low voltage processor, having Intel HD Graphics 515 integrated, 2 cores with Hyperthreading, and Turbo Boost. It's well capable of moderate gaming, multimedia purposes, office applications, and more.",Intel Graphics 515,http://www.notebookcheck.net/Intel-HD-Graphics-515.149941.0.html,http://lappylist.com/images/gpu/Intel%20HD%20graphics%20logo.jpg,Intel HD Graphics 515 are quality integrated graphics capable of multi-display support and can handle extremely light gaming and any general applications,8GB,,256GB PCIe,"12.5"" 2560x1440 IPS Touch",10.5 hrs,8/10,2.2 lbs,0.5 in
High,Lenovo ThinkPad 370*,"$1,322",http://lenovo.7eer.net/c/226309/218864/3808?u=http%3A%2F%2Fwww3.lenovo.com%2Fus%2Fen%2Flaptops%2Fthinkpad%2Fthinkpad-yoga%2FYoga-370%2Fp%2F22TP2TXY370,http://lappylist.com/images/laptop/Lenovo%20ThinkPad%20Yoga%20370.jpg,"The Lenovo ThinkPad Yoga 370 is the combination of the two previous ThinkPad Yogas, the 260 and 460, in form and functionality. Instead of the 14"" and 12.5"" displays, the 370 comes with a 13.3"" display and updated Kaby Lake processing. Additionally, this new version supports Thunderbolt 3, and addresses the few issues that users had with the previous generations.",i5-7200U,http://www.notebookcheck.net/Intel-Core-i5-7200U-Notebook-Processor.172250.0.html,http://lappylist.com/images/cpu/Intel%20logo.png,"The i5-7200U is a 2.5GHz-3.1GHz Ultra low Voltage processor, having Intel HD Graphics 620 integrated, 2 cores with Hyperthreading, and Turbo Boost. It's well capable of moderate gaming, multimedia purposes, office applications, and more.",Intel Graphics 620,http://www.notebookcheck.net/Intel-HD-Graphics-520.149940.0.html,http://lappylist.com/images/gpu/Intel%20HD%20graphics%20logo.jpg,"Intel HD Graphics 620 are quality integrated graphics that support multiple display, can easily handle light gaming, and is on par with the performance of the Nvidia GT 820M.",8GB,`,128GB,"13.3"" 1920x1080 IPS Touch w/ Pen",12.5 hrs,9/10,3.03 lbs,0.7 in
,Lenovo ThinkPad P40 Yoga,"$1,327",http://lenovo.7eer.net/c/226309/218864/3808?u=http%3A%2F%2Fshop.lenovo.com%2Fus%2Fen%2Flaptops%2Fthinkpad%2Fp-series%2Fp40-yoga%2F,http://lappylist.com/images/laptop/Lenovo%20ThinkPad%20P40%20Yoga.jpg,"The P40 Yoga is a mobile convertible workstation with an active digitzer (pen), excellent build quality, and portability. It comes with a professional GPUI for the most accurate work and is ideal for both engineers and designers.",i7-6500U,http://www.notebookcheck.net/Intel-Core-i7-6500U-Notebook-Processor.149431.0.html,http://lappylist.com/images/cpu/Intel%20logo.png,"The i7-6500U is a 2.5GHz-3.1GHz Ultra low Voltage processor, having Intel HD Graphics 520 integrated, 2 cores with Hyperthreading, and Turbo Boost. It's well capable of moderate gaming, multimedia purposes, office applications, and more.",Nvidia Quadro M500M,http://www.notebookcheck.net/NVIDIA-Quadro-M500M.156132.0.html,http://lappylist.com/images/gpu/Nvidia%20logo.jpg,"Nvidia Quadro M500M are high quality professional graphics that support multiple display, can easily handle light gaming, and is on par with the performance of the Nvidia GT 930M. Its primary function is to provide accurate graphics for CAD or design applications.",8GB,,256GB,"14.1"" 1920x1080 IPS Touch w/ Pen",8 hrs,10/10,3.96 lbs,0.78 in
,Lenovo ThinkPad X1 Yoga,"$1,682",http://lenovo.7eer.net/c/226309/218864/3808?u=http%3A%2F%2Fwww3.lenovo.com%2Fus%2Fen%2Flaptops%2Fthinkpad%2Fthinkpad-x%2FThinkPad-X1-Yoga-2nd-Generation%2Fp%2F22TP2TXX12Y,http://lappylist.com/images/laptop/Lenovo%20ThinkPad%20X1%20Yoga.jpg,"The X1 Yoga is the slimmest and lightest business class 2 in 1 laptop around. It's of the highest quality, comes with an active digitizer, the most connectivity options in its class, and of course mobile broadband options. Definitely the top of the line in convertibles. This 2nd generation X1 also includes Kaby Lake processors and options for an OLED display.",i5-7200U,http://www.notebookcheck.net/Intel-Core-i5-7200U-Notebook-Processor.172250.0.html,http://lappylist.com/images/cpu/Intel%20logo.png,"The i5-7200U is a 2.5GHz-3.1GHz Ultra low Voltage processor, having Intel HD Graphics 620 integrated, 2 cores with Hyperthreading, and Turbo Boost. It's well capable of moderate gaming, multimedia purposes, office applications, and more.",Intel Graphics 620,http://www.notebookcheck.net/Intel-HD-Graphics-520.149940.0.html,http://lappylist.com/images/gpu/Intel%20HD%20graphics%20logo.jpg,"Intel HD Graphics 620 are quality integrated graphics that support multiple display, can easily handle light gaming, and is on par with the performance of the Nvidia GT 820M.",8GB,,256GB PCIe,"14"" 1920x1080 IPS Touch w/ Pen",15 hrs,10/10,3.13 lbs,0.69 in
,Microsoft Surface Book,"$1,699",https://click.linksynergy.com/deeplink?id=exBsg*4*zaI&mid=24542&murl=https%3A%2F%2Fwww.microsoft.com%2Fen-us%2Fstore%2Fd%2Fsurface%2F8TXJ08Q9LXDT%2FGXPZ%3Ficid%3DCat_Surface-NavLink3-SurfacePro-052317-en-us,http://lappylist.com/images/laptop/Microsoft%20Surface%20Book.jpg,"The Surface Book is the high end model in the Surface line, with a real, solid keyboard, an active digitizer, and a detachable display for pure tablet mode. It has the specs you'd expect from a normal, full size convertible, but all jam packed into a detachable tablet. It's incredibly gorgeous display and dedicated GPU options make it a fantastic machine for engineers and artists alike. ",i5-6200U,http://www.notebookcheck.net/Intel-Core-i5-6200U-Notebook-Processor.149437.0.html,http://lappylist.com/images/cpu/Intel%20logo.png,"The i5-6200U is a 2.3GHz-2.8GHz Ultra low Voltage processor, having Intel HD Graphics 520 integrated, 2 cores with Hyperthreading, and Turbo Boost. It's well capable of moderate gaming, multimedia purposes, office applications, and more.",Intel Graphics 520,http://www.notebookcheck.net/Intel-HD-Graphics-520.149940.0.html,http://lappylist.com/images/gpu/Intel%20HD%20graphics%20logo.jpg,"Intel HD Graphics 520 are quality integrated graphics that support multiple display, can easily handle light gaming, and is on par with the performance of the Nvidia GT 820M.",8GB,,256GB,"13.5"" 3000x2000 IPS Touch",12 hrs,10/10,3.34 lbs,0.9 in
Very High,VAIO Z Flip,"$1,779",https://www.amazon.com/dp/B01AZC3DHO/ref=as_li_ss_tl?ie=UTF8&linkCode=ll1&tag=lappylist-20&linkId=bbc21d579b7395d294db9c945c88bcd4,http://lappylist.com/images/laptop/VAIO%20Z%20Flip..jpg,"The VAIO Z Flip is an incredibly high quality and portable convertible with a stylus and display that folds over the keyboard, rathan than folding back like most. It carries powerful Intel Iris Graphics to offer the performance of a dedicated GPU without needing the space or power. It also has a more powerful Low Voltage CPU similar to the ones found in Macbook Pros. ",i5-6267U,http://www.notebookcheck.net/Intel-Core-i5-6267U-Notebook-Processor.149852.0.html,http://lappylist.com/images/cpu/Intel%20logo.png,"The i5-6267U is a 2.9GHz-23.3GHz Low Voltage processor, having Intel Iris Graphics 550 integrated, 2 cores with Hyperthreading, and Turbo Boost. It's well capable of moderate gaming, multimedia purposes, office applications, and more.",Intel Iris Graphics 550,http://www.notebookcheck.net/Intel-Iris-Graphics-550.149937.0.html,http://lappylist.com/images/gpu/Intel%20HD%20graphics%20logo.jpg,"Intel Iris Graphics 550 are very high quality integrated graphics that support multiple display, can easily handle light gaming, and is on par with the performance of the Nvidia GT 930M dedicated card.",8GB,,256GB,"13.3"" 2560x1440 IPS Touch w/ Pen",11.5 hrs,10/10,2.94 lbs,0.66 in
,x,x,x,x,x,x,x,x,x,x,x,x,x,x,x,x,x,x,x,x,x