Budget,Model,Price,Model-Link,Model-Image,Model-Descrip,CPU,CPU-Link,CPU-Image,CPU-Descrip,Graphics,Graphics-Link,Graphics-Image,Graphics-Descrip,RAM,HDD,SSD,Display,Battery,Quality,Weight,Thickness
Utra Low,Acer Aspire E15-575,$349,https://www.amazon.com/dp/B01K1IO3QW/ref=as_li_ss_tl?ie=UTF8&linkCode=ll1&tag=lappylist-20&linkId=985eac52cd6220c9fc7dc892f6dcf98d,http://lappylist.com/images/laptop/Acer%20Aspire%20E15%20575.jpg,"The E15 575 is a low budget laptop with a lot of higher budget options like a Full HD 1920x1080 display, new 7th gen Intel processors, incredible battery life, and fantastic affordability.",i3 7100U,http://www.notebookcheck.net/Intel-Core-i3-7100U-Notebook-Processor.172251.0.html,http://lappylist.com/images/cpu/Intel%20logo.png,"The i3-7100U is a 2.4GHz Ultra Low Voltage processor with Intel HD 5500 integrated graphics, 2 cores with Hyperthreading, and is suited for most applications and light gaming.",Intel Graphics 620,http://www.notebookcheck.net/Intel-HD-Graphics-620.172256.0.html,http://lappylist.com/images/gpu/Intel%20HD%20graphics%20logo.jpg,"Intel HD Graphics 620 are quality integrated graphics that support multiple display, can easily handle light gaming, and is on par with the performance of the Nvidia GT 820M.",4GB,1TB 5400RPM,,"15.6"" 1920x1080 TN",12 hrs,5/10,5.3 lbs,1.2 in
,Asus F556UA,$389,http://www.anrdoezrs.net/links/7707423/type/dlg/https://www.newegg.com/Product/Product.aspx?Item=1TS-001A-00467&cm_re=asus_f556ua-_-1TS-001A-00467-_-Product,http://lappylist.com/images/laptop/Asus%20F554LA.jpg,"The F556UA is an affordable, yet well equipped budget mainstream laptop with a Skylake i3-6100U  or better and full HD 15.6"" display.",i3-6100U,http://www.notebookcheck.net/Intel-Core-i3-5020U-Notebook-Processor.139923.0.html,http://lappylist.com/images/cpu/Intel%20logo.png,"The i3-6100U is a 2.2GHz Ultra Low Voltage processor with Intel HD 5500 integrated graphics, 2 cores with Hyperthreading, and is suited for most applications and light gaming.",Intel Graphics 620,http://www.notebookcheck.net/Intel-HD-Graphics-620.172256.0.html,http://lappylist.com/images/gpu/Intel%20HD%20graphics%20logo.jpg,"Intel HD Graphics 620 are quality integrated graphics that support multiple display, can easily handle light gaming, and is on par with the performance of the Nvidia GT 820M.",4GB,1TB 5400RPM,,"15.6"" 1920x1080 TN",4 hrs,4/10,5.1 lbs,1 in
Low,Acer Aspire E15-575G-55KK,$479,http://www.anrdoezrs.net/links/7707423/type/dlg/http://www.newegg.com/Product/Product.aspx?Item=N82E16834315713&cm_re=7200u-_-34-315-713-_-Product,http://lappylist.com/images/laptop/Acer%20Aspire%20E15-575G.jpg,"The E15-575G-55KK is a low to mid-range multimedia laptop with an Nvidia GT 940M, making it one of the most affordable options for a laptop with decent dedicated graphics. It's the same machine as the previous E5-575G model, but with an updated ""Kaby Lake"" processor. The 575G also boasts 8 hours of battery life",i5-7200U,http://www.notebookcheck.net/Intel-Core-i5-7200U-Notebook-Processor.172250.0.html,http://lappylist.com/images/cpu/Intel%20logo.png,"The i5-7200U is a 2.5GHz-3.1GHz Ultra low Voltage processor, having Intel HD Graphics 520 integrated, 2 cores with Hyperthreading, and Turbo Boost. It's well capable of moderate gaming, multimedia purposes, office applications, and more.",Nvidia 940MX,http://www.notebookcheck.net/NVIDIA-GeForce-940MX.156033.0.html,http://lappylist.com/images/gpu/Nvidia%20logo.jpg,"Nvidia  940MX graphics are mid-range graphics well capable of video editing, mid-range gaming, fairly intensive graphics work, and 4k video playback.",8GB,1TB 5400RPM,,"15.6"" 1920x1080 TN",12 hrs,6/10,5.27 lbs,1.19 in
,Acer Aspire E5-774G,$569,http://www.anrdoezrs.net/links/7707423/type/dlg/http://www.newegg.com/Product/Product.aspx?Item=N82E16834315672&cm_re=7200u-_-34-315-672-_-Product,http://lappylist.com/images/laptop/Acer%20E5-774G.jpg,"The E15-774G is a low to mid-range 17.3"" multimedia laptop with an Nvidia GT 940M, making it one of the most affordable options for a laptop with decent dedicated graphics. It's the same machine as the previous E5-575G model, but with an updated ""Kaby Lake"" processor. The 575G also boasts 8 hours of battery life",i5-7200U,http://www.notebookcheck.net/Intel-Core-i5-7200U-Notebook-Processor.172250.0.html,http://lappylist.com/images/cpu/Intel%20logo.png,"The i5-7200U is a 2.5GHz-3.1GHz Ultra low Voltage processor, having Intel HD Graphics 520 integrated, 2 cores with Hyperthreading, and Turbo Boost. It's well capable of moderate gaming, multimedia purposes, office applications, and more.",Nvidia 940MX,http://www.notebookcheck.net/NVIDIA-GeForce-940MX.156033.0.html,http://lappylist.com/images/gpu/Nvidia%20logo.jpg,"Nvidia  940MX graphics are mid-range graphics well capable of video editing, mid-range gaming, fairly intensive graphics work, and 4k video playback.",8GB,,256GB,"17.3"" 1920x1080 TN",5.5 hrs,6/10,6.83 lbs,1.3 in
,Acer Aspire E5-576G,$599,https://www.amazon.com/dp/B075FLBJV7,http://lappylist.com/images/laptop2018/Acer%20Aspire%20E5-576G.jpg,,i5-8250U,https://www.notebookcheck.net/Intel-Core-i5-8250U-SoC-Benchmarks-and-Specs.242172.0.html,http://lappylist.com/images/cpu/Intel%20logo.png,"The i5-8250U is a 1.6GHz-3.4GHz Ultra low Voltage processor, having Intel HD Graphics 620 integrated, 4 cores with Hyperthreading, and Turbo Boost. It's well capable of moderate gaming, multimedia purposes, office applications, and more.",Nvidia MX150,https://www.notebookcheck.net/NVIDIA-GeForce-MX150-Benchmark-and-Specs-of-the-GT-1030-for-Laptops.223530.0.html,http://lappylist.com/images/gpu/Nvidia%20logo.jpg,"Nvidia 150MX graphics are mid-range graphics well capable of video editing, mid-range gaming, fairly intensive graphics work, and 4k video playback.",8GB,,256GB,"15.6"" 1920x1080 TN",15 hrs,6/10,5.27 lbs,1.19 in
,Lenovo Y700 14,$679,http://lenovo.7eer.net/c/226309/263639/3808?u=http%3A%2F%2Fshop.lenovo.com%2Fus%2Fen%2Flaptops%2Fideapad%2Fy700-series%2Fy700-14-inch%2F,http://lappylist.com/images/laptop/Lenovo%20y700-14.jpg,"The Lenovo Y700 14 is the new, improved version of the Lenovo Y40 with a high quality IPS display, upgraded sound, superior efficiency, updated graphics, and a new Skylake quad-core processor. It does take a hit in the GPU department, so this is a machine with portability over power. ",i7-6300HQ,http://www.notebookcheck.net/Intel-Core-i5-6300HQ-Notebook-Processor.149424.0.html,http://lappylist.com/images/cpu/Intel%20logo.png,"The i5-6300HQ is a powerful 2.3GHz-3.2GHz processor, having Intel Graphics 530,4 cores, Turbo Boost, and is powerful enough for most CPU intensive applications and moderate to heavy gaming.",AMD Radeon R9 M375,http://www.notebookcheck.net/AMD-Radeon-R9-M375.142636.0.html,http://lappylist.com/images/gpu/AMD%20Radeon%20graphics%20logo.jpg,AMD Radeon R9 M375 graphics are mid range graphics that are well capable of playing current games at the time of release of the card on low to medium settings.,8GB,1TB 5400RPM,128GB PCIe,"14"" 1920x1080 IPS",7 hrs,7/10,4.8 lbs,1. in
,Dell Inspiron 15-i5557,$667,https://www.amazon.com/dp/B06XFG7157,http://lappylist.com/images/laptop/Dell%20Inspiron%2015%20i5557.jpg,"The Dell Inspiron 15 i5557 is an affordable, yet powerful multimedia laptop with dedicated graphics, an IPS display, SSD, and new Kaby Lake quad-core i5 processor. ",i5-7300HQ,https://www.notebookcheck.net/Intel-Core-i5-7300HQ-Laptop-Processor.189854.0.html,http://lappylist.com/images/cpu/Intel%20logo.png,"The i5-7300HQ is a powerful 2.5GHz-3.5GHz processor, having Intel Graphics 530,4 cores, Turbo Boost, and is powerful enough for most CPU intensive applications and moderate to heavy gaming.",Nvidia GTX 1050,https://www.notebookcheck.net/NVIDIA-GeForce-GTX-1050-Notebook.178614.0.html,http://lappylist.com/images/gpu/Nvidia%20logo.jpg,"Nvidia GTX 1050 graphics are on the budget end of the GTX graphics of the 1000 series, and were released with the new Pascal core, running more efficient, cooler,  performing at near desktop GPU levels, and offering full VR support. It's a 30% improvement in performance over the GTX 960M.",8GB,1TB 5400RPM,,"15.6"" 1920x1080 IPS",7 hrs,8/10,5.7 lbs,1 in
,Lenovo Legion Y520,$649,//lenovo.7eer.net/c/226309/218864/3808?u=https%3A%2F%2Fwww3.lenovo.com%2Fus%2Fen%2Flaptops%2Fideapad%2Flenovo-legion-y-series-laptops%2FLegion-Y520%2Fp%2F88GMY500808,http://lappylist.com/images/laptop/Lenovo%20Legion%20Y520.jpg,"The Y520 is the continuation of Lenovo's Y series 15.6"" laptops. It's relatively portable, has solid gaming specs, and its price is incredibly competitive, especially for a machine with premium sound. ",i5-7300HQ,https://www.notebookcheck.net/Intel-Core-i5-7300HQ-Laptop-Processor.189854.0.html,http://lappylist.com/images/cpu/Intel%20logo.png,"The i5-7300HQ is a powerful 2.5GHz-3.5GHz processor, having Intel Graphics 530,4 cores, Turbo Boost, and is powerful enough for most CPU intensive applications and moderate to heavy gaming.",AMD Radeon RX 560,https://www.notebookcheck.net/AMD-Radeon-RX-560-Laptop.194834.0.html,http://lappylist.com/images/gpu/AMD%20Radeon%20graphics%20logo.jpg,AMD Radeon RX 560 graphics are mid-range GPU pulling similar benchmarks to an Nvidia GTX 1050 Ti (mobile).,8GB,1TB 5400RPM,,"15.6"" 1920x1080 IPS",4 hrs,8/10,5.5 lbs,1.1 in
,Asus FZ50VW,$699,http://www.anrdoezrs.net/links/7707423/type/dlg/http://www.newegg.com/Product/Product.aspx?Item=N82E16834890015&nm_mc=AFC-C8Junction&cm_mmc=AFC-C8Junction-VigLink-_-na-_-na-_-na&cm_sp=&AID=10446076&PID=6164432&SID=iprffdn8xm015tem00053,http://lappylist.com/images/laptop/ASUS%20ROG%20GL551JM.jpg,"The FZ50VW  offers a great balance of portability and durability in a budget gaming machine, keeping a GTX 960M, an SSD, and a quad-core i5-6300HQ.",i7-6700HQ,http://www.notebookcheck.net/Intel-Core-i7-6700HQ-Notebook-Processor.149420.0.html,http://lappylist.com/images/cpu/Intel%20logo.png,"The i7-6700HQ is a powerful 2.6GHz-3.5GHz quad-core processor with Hyperthreading, Turbo Boost, and Intel HD Graphics 530. It's capable of very CPU intensive applications and high end gaming.",Nvidia GTX 960M,http://www.notebookcheck.net/NVIDIA-GeForce-GTX-960M.138006.0.html,http://lappylist.com/images/gpu/Nvidia%20logo.jpg,"Nvidia GTX 960M graphics are the beginning of the high end Nvidia graphics cards in the 900 series. It's designed to play most games that were current upon release on high or better settings, as well as easily handling other demanding applications.",8GB,1TB 5400RPM,128GB,"15.6"" 1920x1080 TN",5 hrs,7/10,5.66 lbs,1.3 in
,Acer Swift 3 14,$699,https://www.amazon.com/dp/B0746NQYFF,http://lappylist.com/images/laptop2018/Acer%20Swift%203.jpg,"The Acer Swift 3 14 is an extremely light and efficient option for a 14"" laptop with dedicated MX150 graphics. With 10 hours of battery life and weighing in at only 3.75 lbs, it allows  for a portable gaming experience without breaking the bank. ",i5-8250U,https://www.notebookcheck.net/Intel-Core-i5-8250U-SoC-Benchmarks-and-Specs.242172.0.html,http://lappylist.com/images/cpu/Intel%20logo.png,"The i5-8250U is a 1.6GHz-3.4GHz Ultra low Voltage processor, having Intel HD Graphics 620 integrated, 4 cores with Hyperthreading, and Turbo Boost. It's well capable of moderate gaming, multimedia purposes, office applications, and more.",Nvidia MX150,https://www.notebookcheck.net/NVIDIA-GeForce-MX150-Benchmark-and-Specs-of-the-GT-1030-for-Laptops.223530.0.html,http://lappylist.com/images/gpu/Intel%20HD%20graphics%20logo.jpg,"Nvidia 150MX graphics are mid-range graphics well capable of video editing, mid-range gaming, fairly intensive graphics work, and 4k video playback.",8GB,,256GB,"14"" 1920x1080 IPS",10 hrs,8/10,3.75 lbs,0.71 in
,Asus K401LB,$700,https://www.amazon.com//dp/B01ESJ48UG/ref=as_li_ss_tl?&linkCode=ll1&tag=lappylist-20&linkId=75f105589135c65b777fd2559ea6590e,http://lappylist.com/images/laptop/Asus%20K401LB.jpg,"The Asus K401LB is an incredibly portable 14"" multimedia laptop with Nvidia GT 940M dedicated graphics and great upgrade potential. At 3.6 lbs, it is the most portable light to moderate gaming option. ",i7-5500U,http://www.notebookcheck.net/Intel-Core-i7-5500U-Notebook-Processor.127806.0.html,http://lappylist.com/images/cpu/Intel%20logo.png,"The i7-5500U is a 2.5GHz-3.0GHz Ultra low Voltage processor, having Intel HD Graphics 520 integrated, 2 cores with Hyperthreading, and Turbo Boost. It's well capable of moderate gaming, multimedia purposes, office applications, and more.",Nvidia GT 940M,http://www.notebookcheck.net/NVIDIA-GeForce-940M.138027.0.html,http://lappylist.com/images/gpu/Nvidia%20logo.jpg,"Nvidia GT 940M graphics are the middle of the line Nvidia dedicated graphics, just before the more gaming oriented GTX cards.  It's well suited for any multimedia use and works well for light to moderate gaming.",8GB,1TB 5400RPM,,"14"" 1920x1080 TN",5 hrs,7/10,3.6 lbs,0.8 in
,MSI GL62 Apache,$749,http://www.anrdoezrs.net/links/7707423/type/dlg/https://www.newegg.com/Product/Product.aspx?Item=N82E16834154499&cm_re=msi_gl62-_-34-154-499-_-Product,http://lappylist.com/images/laptop/MSI%20GE62%20Apache.jpg,"The MSI GL62 is a more budget successor to the GE60 mid-range gaming laptop, with upgraded 900 series Nvidia graphics,premium sound, and backlit keyboard. ",i7-7700HQ,https://www.notebookcheck.net/Intel-Core-i7-7700HQ-Notebook-Processor.187975.0.html,http://lappylist.com/images/cpu/Intel%20logo.png,"The i7-7700HQ is a powerful 2.8GHz-3.8GHz quad-core processor with Hyperthreading, Turbo Boost, and Intel HD Graphics 630. It's capable of very CPU intensive applications and high end gaming.",Nvidia GTX 960M,http://www.notebookcheck.net/Nvidia-GeForce-GTX-960M-Review.137893.0.html,http://lappylist.com/images/gpu/Nvidia%20logo.jpg,"Nvidia GTX 960M graphics are the beginning of the high end Nvidia graphics cards in the 900 series. It's designed to play most games that were current upon release on high or better settings, as well as easily handling other demanding applications.",8GB,1TB 7200RPM,,"15.6"" 1920x1080 TN",4 hrs,7/10,5.3 lbs,1.1 in
,Dell Inspiron 15-i5557,$749,https://www.amazon.com/dp/B06XFGDD8P?th=1,http://lappylist.com/images/laptop/Dell%20Inspiron%2015%20i5557.jpg,"The Dell Inspiron 15 i5557 is an affordable, yet powerful multimedia laptop with dedicated graphics, an IPS display, SSD, and new Kaby Lake quad-core i5 processor. ",i5-7300HQ,https://www.notebookcheck.net/Intel-Core-i5-7300HQ-Laptop-Processor.189854.0.html,http://lappylist.com/images/cpu/Intel%20logo.png,"The i5-7300HQ is a powerful 2.5GHz-3.5GHz processor, having Intel Graphics 530,4 cores, Turbo Boost, and is powerful enough for most CPU intensive applications and moderate to heavy gaming.",Nvidia GTX 1050,https://www.notebookcheck.net/NVIDIA-GeForce-GTX-1050-Notebook.178614.0.html,http://lappylist.com/images/gpu/Nvidia%20logo.jpg,"Nvidia GTX 1050 graphics are on the budget end of the GTX graphics of the 1000 series, and were released with the new Pascal core, running more efficient, cooler,  performing at near desktop GPU levels, and offering full VR support. It's a 30% improvement in performance over the GTX 960M.",8GB,,256GB,"15.6"" 1920x1080 IPS",7 hrs,8/10,5.7 lbs,1 in
,Asus ZX53W,$799,https://www.amazon.com/dp/B01LXCBXQO/ref=as_li_ss_tl?ie=UTF8&linkCode=ll1&tag=lappylist-20&linkId=88644783da461cab8075744d5809e6f6,http://lappylist.com/images/laptop/Asus%20FXV02VM.jpg,"The ZX53W is a relatively lightweight, and very thin gaming laptop with a huge 512GB SSD, Skylake quad-core processor, plenty of RAM, and a fantastic keyboard with almost 18mm key travel. It's an all around great machine for a balance of quality and affordability.",i5-6300HQ,http://www.notebookcheck.net/Intel-Core-i5-6300HQ-Notebook-Processor.149424.0.html,http://lappylist.com/images/cpu/Intel%20logo.png,"The i5-6300HQ is a powerful 2.3GHz-3.2GHz processor, having Intel Graphics 530,4 cores, Turbo Boost, and is powerful enough for most CPU intensive applications and moderate to heavy gaming.",Nvidia GTX 960M,http://www.notebookcheck.net/Nvidia-GeForce-GTX-960M-Review.137893.0.html,http://lappylist.com/images/gpu/Nvidia%20logo.jpg,"Nvidia GTX 960M graphics are the beginning of the high end Nvidia graphics cards in the 900 series. It's designed to play most games that were current upon release on high or better settings, as well as easily handling other demanding applications.",8GB,,512GB,"15.6"" 1920x1080 IPS",7 hrs,7/10,5.5 lbs,0.8 in
Medium,Asus K501UW,$819,https://www.amazon.com/dp/B01DT49XN8/ref=as_li_ss_tl?ie=UTF8&linkCode=ll1&tag=lappylist-20&linkId=34199377dd3152e45085c254426b0f61,http://www.lappylist.com/images/laptop/Asus%20K501LX.jpg,"The Asus K501UW is a mid-range laptop similar to Asus's N series laptops with solid build quality, new Skylake ULV processors, dedciated graphics, and an SSD.",i7-6500U,http://www.notebookcheck.net/Intel-Core-i7-6500U-Notebook-Processor.149431.0.html,http://lappylist.com/images/cpu/Intel%20logo.png,"The i7-6500U is a 2.5GHz-3.1GHz Ultra low Voltage processor, having Intel HD Graphics 520 integrated, 2 cores with Hyperthreading, and Turbo Boost. It's well capable of moderate gaming, multimedia purposes, office applications, and more.",Nvidia GTX 960M,http://www.notebookcheck.net/Nvidia-GeForce-GTX-960M-Review.137893.0.html,http://lappylist.com/images/gpu/Nvidia%20logo.jpg,"Nvidia GTX 960M graphics are the beginning of the high end Nvidia graphics cards in the 900 series. It's designed to play most games that were current upon release on high or better settings, as well as easily handling other demanding applications.",8GB,,512GB PCIe,"15.6"" 1920x1080 IPS",8 hrs,8/10,4.4 lbs,0.8 in
,Lenovo Y700 15,$899,http://lenovo.7eer.net/c/226309/218864/3808?u=http%3A%2F%2Fshop.lenovo.com%2Fus%2Fen%2Flaptops%2Fideapad%2Fy700-series%2Fy700-15-inch%2F,http://lappylist.com/images/laptop/Lenovo%20Y700%2015.jpg,"The Lenovo Y700 15 is the updated replacement of the Lenovo Y50. It has a new Intel Skylake processor, better efficiency, and a range of options.",i5-6300HQ,http://www.notebookcheck.net/Intel-Core-i5-6300HQ-Notebook-Processor.149424.0.html,http://lappylist.com/images/cpu/Intel%20logo.png,"The i5-6300HQ is a powerful 2.3GHz-3.2GHz processor, having Intel Graphics 530,4 cores, Turbo Boost, and is powerful enough for most CPU intensive applications and moderate to heavy gaming.",Nvidia GTX 960M,http://www.notebookcheck.net/Intel-Core-i7-6700HQ-Notebook-Processor.149420.0.html,http://lappylist.com/images/gpu/Nvidia%20logo.jpg,"Nvidia GTX 960M graphics are the beginning of the high end Nvidia graphics cards in the 900 series. It's designed to play most games that were current upon release on high or better settings, as well as easily handling other demanding applications.",8GB,1TB 5400RPM,128GB PCIe,"15.6"" 1920x1080 IPS",6 hrs,8/10,5.7 lbs,1.02 in
,Asus Vivobook M580VD,$919,https://www.amazon.com/dp/B071ZL3996,http://lappylist.com/images/laptop2018/Asus%20Vivobook%20M580VD.jpg,,i7-7700HQ,https://www.notebookcheck.net/Intel-Core-i7-7700HQ-Notebook-Processor.187975.0.html,http://lappylist.com/images/cpu/Intel%20logo.png,"The i7-7700HQ is a powerful 2.8GHz-3.8GHz quad-core processor with Hyperthreading, Turbo Boost, and Intel HD Graphics 630. It's capable of very CPU intensive applications and high end gaming.",Nvidia GTX 1050,https://www.notebookcheck.net/NVIDIA-GeForce-GTX-1050-Notebook.178614.0.html,http://lappylist.com/images/gpu/Nvidia%20logo.jpg,"Nvidia GTX 1050 graphics are on the budget end of the GTX graphics of the 1000 series, and were released with the new Pascal core, running more efficient, cooler,  performing at near desktop GPU levels, and offering full VR support. It's a 30% improvement in performance over the GTX 960M.",16GB,1TB 5400RPM,256GB,"15.6"" 1920x1080 IPS",6 hrs,7/10,5.1 lbs,0.8
,Asus ROG GL502VT,$930,https://www.amazon.com/Asus-ROG-GL502VT-Gaming-i7-6700HQ/dp/B01HAQG37A/ref=as_li_ss_tl?&linkCode=ll1&tag=lappylist-20&linkId=6ec490a0cf26cb28c9fe7ccb94bdf876,http://lappylist.com/images/laptop/Asus%20GL502.jpg,"The Asus ROG Strix is a high quality, light, and extremely powerful gaming laptop with a strong balance of performance and portability. It has a highly accurate display, USB C, and solid battery life for its size.",i7-6700HQ,http://www.notebookcheck.net/Intel-Core-i7-6700HQ-Notebook-Processor.149420.0.html,http://lappylist.com/images/cpu/Intel%20logo.png,"The i7-6700HQ is a powerful 2.6GHz-3.5GHz quad-core processor with Hyperthreading, Turbo Boost, and Intel HD Graphics 530. It's capable of very CPU intensive applications and high end gaming.",Nvidia GTX 970M,http://www.notebookcheck.net/NVIDIA-GeForce-GTX-970M.126694.0.html,http://lappylist.com/images/gpu/Nvidia%20logo.jpg,"Nvidia GTX 970M graphics are the second most powerful graphics of the 900 series, and were released shortly after the 800 series with the newer Maxwell core, running more efficient, cooler, and with more power than the previous generation. High to ultra settings can be expected from games current at release of this card.",16GB,1TB 7200RPM,,"15.6"" 1920x1080 IPS",8 hrs,9/10,4.8 lbs,0.9 in
,Asus ROG GL552VW-DH71,$997,https://www.amazon.com/dp/B01578ZKPO//ref=as_li_ss_tl?ie=UTF8&linkCode=ll1&tag=lappylist-20&linkId=6b35e84300309518513a9dd21d2c7431,http://lappylist.com/images/laptop/ASUS%20ROG%20GL551JM.jpg,"The GL552VW is part of Asus's RoG gaming laptop series, especially notable for their durability, high quality construction, and incredibly efficient cooling. It offers a great balance of portability and durability in a gaming machine.",i7-6700HQ,http://www.notebookcheck.net/Intel-Core-i7-6700HQ-Notebook-Processor.149420.0.html,http://lappylist.com/images/cpu/Intel%20logo.png,"The i7-6700HQ is a powerful 2.6GHz-3.5GHz quad-core processor with Hyperthreading, Turbo Boost, and Intel HD Graphics 530. It's capable of very CPU intensive applications and high end gaming.",Nvidia GTX 960M,http://www.notebookcheck.net/NVIDIA-GeForce-GTX-960M.138006.0.html,http://lappylist.com/images/gpu/Nvidia%20logo.jpg,"Nvidia GTX 960M graphics are the beginning of the high end Nvidia graphics cards in the 900 series. It's designed to play most games that were current upon release on high or better settings, as well as easily handling other demanding applications.",16GB,1TB 7200RPM,,"15.6"" 1920x1080 IPS",5 hrs,9/10,6 lbs,1.3 in
,MSI GE62 Apache Pro-254,$999,https://www.amazon.com/dp/B01FG9XS4E/ref=as_li_ss_tl?ie=UTF8&linkCode=ll1&tag=lappylist-20&linkId=e0807902f8b5a70a17b5b2a374a32b3f,http://lappylist.com/images/laptop/MSI%20GE62%20Apache.jpg,"The MSI GE62 is the successor to the GE60 mid-range gaming laptop, with upgraded 900 series Nvidia graphics,premium sound, and custom backlit keyboard.",i5-6300HQ,http://www.notebookcheck.net/Intel-Core-i5-6300HQ-Notebook-Processor.149424.0.html,http://lappylist.com/images/cpu/Intel%20logo.png,"The i5-6300HQ is a powerful 2.3GHz-3.2GHz processor, having Intel Graphics 530,4 cores, Turbo Boost, and is powerful enough for most CPU intensive applications and moderate to heavy gaming.",Nvidia GTX 970M,http://www.notebookcheck.net/NVIDIA-GeForce-GTX-970M.126694.0.html,http://lappylist.com/images/gpu/Nvidia%20logo.jpg,"Nvidia GTX 970M graphics are the second most powerful graphics of the 900 series, and were released shortly after the 800 series with the newer Maxwell core, running more efficient, cooler, and with more power than the previous generation. High to ultra settings can be expected from games current at release of this card.",8GB,1TB 7200RPM,256GB,"15.6"" 1920x1080 TN",3 hrs,7/10,5.9 lbs,1.14 in
Medium-High,Asus ROG GL553VD,"$1,017",http://www.anrdoezrs.net/links/7707423/type/dlg/https://www.newegg.com/Product/Product.aspx?Item=N82E16834234450&cm_re=asus_gl553-_-34-234-450-_-Product,http://lappylist.com/images/laptop/Asus%20GL553.jpg,"The GL553 is the successor to the highly portable and efficient GL552 with updated lighting, improved keyboard, 7th gen Intel ""Kaby Lake"" processors, and Nvidia 1000 series graphics. It's still highly portable, gets great battery life, is incredibly thin, and even manages to squeeze in an optical drive.",i7-7700HQ,https://www.notebookcheck.net/Intel-Core-i7-7700HQ-Notebook-Processor.187975.0.html,http://lappylist.com/images/cpu/Intel%20logo.png,"The i7-7700HQ is a powerful 2.8GHz-3.8GHz quad-core processor with Hyperthreading, Turbo Boost, and Intel HD Graphics 630. It's capable of very CPU intensive applications and high end gaming.",Nvidia GTX 1050,https://www.notebookcheck.net/NVIDIA-GeForce-GTX-1050-Notebook.178614.0.html,http://lappylist.com/images/gpu/Nvidia%20logo.jpg,"Nvidia GTX 1050 graphics are on the budget end of the GTX graphics of the 1000 series, and were released with the new Pascal core, running more efficient, cooler,  performing at near desktop GPU levels, and offering full VR support. It's a 30% improvement in performance over the GTX 960M.",16GB,1TB 7200RPM,,"15.6"" 1920x1080 IPS",5 hrs,9/10,5.5 lbs,1.18 in
,Alienware 15 R3,"$1,088",https://www.amazon.com/Alienware-AW15R3-0012SLV-Generation-GeForce-GTX1060/dp/B01LWPJTL7/ref=as_li_ss_tl?&linkCode=ll1&tag=lappylist-20&linkId=8ca530028ada9b05d183ac5d009d1528,http://lappylist.com/images/laptop/Alienware%2015%20R3.jpg,"The Alienware 15 is a high quality gaming laptop with a ton of customization options, beautiful 15.6"" 1920x1080 IPS display, and powerful graphics within a competitive budget. It also has additional features like external GPU compatibility and some of the best battery life available in a gaming laptop.",i5-6300HQ,http://www.notebookcheck.net/Intel-Core-i5-6300HQ-Notebook-Processor.149424.0.html,http://lappylist.com/images/cpu/Intel%20logo.png,"The i5-6300HQ is a powerful 2.3GHz-3.2GHz processor, having Intel Graphics 530,4 cores, Turbo Boost, and is powerful enough for most CPU intensive applications and moderate to heavy gaming.",Nvidia GTX 1060,http://www.notebookcheck.net/Mobile-NVIDIA-GeForce-GTX-1060-Laptop-Benchmarks-and-Specs.169547.0.html,http://lappylist.com/images/gpu/Nvidia%20logo.jpg,"Nvidia GTX 1060 graphics are the third most powerful graphics of the 1000 series, and were released with the new Pascal core, running more efficient, cooler,  performing at near desktop GPU levels, and offering full VR support. High to ultra settings can be expected from games current at release of this card.",8GB,1TB 7200RPM,,"15.6"" 1920x1080 IPS",7 hrs,9/10,7.7 lbs,1 in
,Asus ROG GL553VE,"$1,207",http://www.anrdoezrs.net/links/7707423/type/dlg/https://www.newegg.com/Product/Product.aspx?Item=N82E16834234453&cm_re=asus_gl553-_-34-234-453-_-Product,http://lappylist.com/images/laptop/Asus%20GL553.jpg,"The GL553 is the successor to the highly portable and efficient GL552 with updated lighting, improved keyboard, 7th gen Intel ""Kaby Lake"" processors, and Nvidia 1000 series graphics. It's still highly portable, gets great battery life, is incredibly thin, and even manages to squeeze in an optical drive.",i7-7700HQ,https://www.notebookcheck.net/Intel-Core-i7-7700HQ-Notebook-Processor.187975.0.html,http://lappylist.com/images/cpu/Intel%20logo.png,"The i7-7700HQ is a powerful 2.8GHz-3.8GHz quad-core processor with Hyperthreading, Turbo Boost, and Intel HD Graphics 630. It's capable of very CPU intensive applications and high end gaming.",Nvidia GTX 1050 Ti,https://www.notebookcheck.net/NVIDIA-GeForce-GTX-1050-Ti-Notebook.168400.0.html,http://lappylist.com/images/gpu/Nvidia%20logo.jpg,"Nvidia GTX 1050 Ti graphics are on the budget end of the GTX graphics of the 1000 series, and were released with the new Pascal core, running more efficient, cooler,  performing at near desktop GPU levels, and offering full VR support. It's a 30% improvement in performance over the GTX 970M.",16GB,1TB 7200RPM,,"15.6"" 1920x1080 IPS",5 hrs,9/10,5.5 lbs,1.18 in
,MSI GE62VR Apache Pro,"$1,249",https://www.amazon.com/dp/B01N7PT57M//ref=as_li_ss_tl?ie=UTF8&linkCode=ll1&tag=lappylist-20&linkId=150ac4c0f5a3163d6c799bd5962904b7,http://lappylist.com/images/laptop/MSI%20GE62VR.jpg,"The GE62VR is the successor to the GE62 mid-range gaming laptop, with upgraded VR ready 1000 series ""Pascal"" Nvidia graphics, premium sound, and custom backlit keyboard.",i7-7700HQ,https://www.notebookcheck.net/Intel-Core-i7-7700HQ-Notebook-Processor.187975.0.html,http://lappylist.com/images/cpu/Intel%20logo.png,"The i7-7700HQ is a powerful 2.8GHz-3.8GHz quad-core processor with Hyperthreading, Turbo Boost, and Intel HD Graphics 630. It's capable of very CPU intensive applications and high end gaming.",Nvidia GTX 1060,http://www.notebookcheck.net/Mobile-NVIDIA-GeForce-GTX-1060-Laptop-Benchmarks-and-Specs.169547.0.html,http://lappylist.com/images/gpu/Nvidia%20logo.jpg,"Nvidia GTX 1060 graphics are the third most powerful graphics of the 1000 series, and were released with the new Pascal core, running more efficient, cooler,  performing at near desktop GPU levels, and offering full VR support. High to ultra settings can be expected from games current at release of this card.",16GB,1TB 7200RPM,,"15.6"" 1920x1080 IPS",3 hrs,7/10,5.3 lbs,1.14 in
,MSI GT62VR Dominator,"$1,258",https://www.amazon.com/MSI-Computer-GT62VR-Dominator-027-i7-6700HQ/dp/B01K00YHMG/ref=as_li_ss_tl?&linkCode=ll1&tag=lappylist-20&linkId=a2929278b2c63835a6fa162166763b2a,http://lappylist.com/images/laptop/MSI%20GT62VR.jpg,"The GT62VR is the updated high end MSI 15.6"" gaming laptop with the VR ready Nvidia 1000 series ""Pascal"" graphics. It's packed with features like premium sound w/ subwoofer, custom backlit keyboard, Thunderbolt 3, and G-SYNC.",i7-6700HQ,http://www.notebookcheck.net/Intel-Core-i7-6700HQ-Notebook-Processor.149420.0.html,http://lappylist.com/images/cpu/Intel%20logo.png,"The i7-6700HQ is a powerful 2.6GHz-3.5GHz quad-core processor with Hyperthreading, Turbo Boost, and Intel HD Graphics 530. It's capable of very CPU intensive applications and high end gaming.",Nvidia GTX 1060,http://www.notebookcheck.net/Mobile-NVIDIA-GeForce-GTX-1060-Laptop-Benchmarks-and-Specs.169547.0.html,http://lappylist.com/images/gpu/Nvidia%20logo.jpg,"Nvidia GTX 1060 graphics are the third most powerful graphics of the 1000 series, and were released with the new Pascal core, running more efficient, cooler,  performing at near desktop GPU levels, and offering full VR support. High to ultra settings can be expected from games current at release of this card.",16GB,1TB 7200RPM,128GB,"15.6"" 1920x1080 IPS",4 hrs,8/10,6.44 lbs,1.57 in
,Alienware 17 R3,"$1,289",http://www.anrdoezrs.net/links/7707423/type/dlg/https://www.newegg.com/Product/Product.aspx?Item=9SIAC885ND0130&cm_re=alienware_17-_-34-298-727-_-Product,http://lappylist.com/images/laptop/Alienware%2015.jpg,"The Alienware 17 is a high quality gaming laptop with a ton of customization options, beautiful 17.3"" 1920x1080 IPS display, and powerful graphics within a competitive budget. It also has additional features like external GPU compatibility and some of the best battery life available in a 17.3"" gaming laptop.",i7-6700HQ,http://www.notebookcheck.net/Intel-Core-i7-6700HQ-Notebook-Processor.149420.0.html,http://lappylist.com/images/cpu/Intel%20logo.png,"The i7-6700HQ is a powerful 2.6GHz-3.5GHz quad-core processor with Hyperthreading, Turbo Boost, and Intel HD Graphics 530. It's capable of very CPU intensive applications and high end gaming.",Nvidia GTX 970M,http://www.notebookcheck.net/NVIDIA-GeForce-GTX-970M.126694.0.html,http://lappylist.com/images/gpu/Nvidia%20logo.jpg,"Nvidia GTX 970M graphics are the second most powerful graphics of the 900 series, and were released shortly after the 800 series with the newer Maxwell core, running more efficient, cooler, and with more power than the previous generation. High to ultra settings can be expected from games current at release of this card.",16GB,1TB 5400RPM,,"17.3"" 1920x1080 IPS",5 hrs,9/10,8.3 lbs,1.35 in
,Asus Zenbook UX501VW,"$1,319",https://www.amazon.com/UX501VW-XH71T-Touchscreen-i7-6700HQ-Graphics-Professional/dp/B06XSQVBDK/ref=as_li_ss_tl?&linkCode=ll1&tag=lappylist-20&linkId=22f4344de8e8075cc1a94b215bb96214,http://www.lappylist.com/images/laptop/Asus%20UX501JW.jpg,"The Asus UX501VW is an ultra-light, premium 15.6"" multimedia laptop with incredibly fast PCIE SSD storage, 4k display, Mini Display Port with Thunderbolt support, and great overall specs. ",i7-6700HQ,http://www.notebookcheck.net/Intel-Core-i7-6700HQ-Notebook-Processor.149420.0.html,http://lappylist.com/images/cpu/Intel%20logo.png,"The i7-6700HQ is a powerful 2.6GHz-3.5GHz quad-core processor with Hyperthreading, Turbo Boost, and Intel HD Graphics 530. It's capable of very CPU intensive applications and high end gaming.",Nvidia GTX 960M,http://www.notebookcheck.net/NVIDIA-GeForce-GTX-960M.138006.0.html,http://lappylist.com/images/gpu/Nvidia%20logo.jpg,"Nvidia GTX 960M graphics are the beginning of the high end Nvidia graphics cards in the 900 series. It's designed to play most games that were current upon release on high or better settings, as well as easily handling other demanding applications.",16GB,,512GB PCIe,"15.6"" 2840x2160 IPS",5 hrs,10/10,4.5 lbs,0.81 in
High,Asus ROG GL502VM,"$1,397",http://www.anrdoezrs.net/links/7707423/type/dlg/https://www.newegg.com/Product/Product.aspx?Item=N82E16834234455&cm_re=asus_gl502-_-34-234-455-_-Product,http://lappylist.com/images/laptop/Asus%20GL502.jpg,"The Asus ROG Strix GL502 is a high quality, light, and extremely powerful gaming laptop with a strong balance of performance and portability. It has a highly accurate display, USB C, and solid battery life for its size.",i7-7700HQ,https://www.notebookcheck.net/Intel-Core-i7-7700HQ-Notebook-Processor.187975.0.html,http://lappylist.com/images/cpu/Intel%20logo.png,"The i7-7700HQ is a powerful 2.8GHz-3.8GHz quad-core processor with Hyperthreading, Turbo Boost, and Intel HD Graphics 630. It's capable of very CPU intensive applications and high end gaming.",Nvidia GTX 1060,http://www.notebookcheck.net/Mobile-NVIDIA-GeForce-GTX-1060-Laptop-Benchmarks-and-Specs.169547.0.html,http://lappylist.com/images/gpu/Nvidia%20logo.jpg,"Nvidia GTX 1060 graphics are the third most powerful graphics of the 1000 series, and were released with the new Pascal core, running more efficient, cooler,  performing at near desktop GPU levels, and offering full VR support. High to ultra settings can be expected from games current at release of this card.",16GB,1TB 7200RPM,128GB,"15.6"" 1920x1080 IPS",5 hrs,9/10,4.9 lbs,0.9 in
,Asus ROG G752VM,"$1,399",http://www.anrdoezrs.net/links/7707423/type/dlg/https://www.newegg.com/Product/Product.aspx?Item=9SIA57X4UV0350&cm_re=g752vm-_-9SIA57X4UV0350-_-Product,http://lappylist.com/images/laptop/Asus%20G752.jpg,"The G752VM is part of Asus' RoG gaming laptop series, especially notable for their durability, high quality construction, and incredibly efficient cooling. It has the best cooling on the market, G-SYNC, VR ready graphics, an IPS display, and an incredibly high quality build. This quality is reinforced by a relatively heavy design. Not for those needing high portability. ",i7-6700HQ,http://www.notebookcheck.net/Intel-Core-i7-6700HQ-Notebook-Processor.149420.0.html,http://lappylist.com/images/cpu/Intel%20logo.png,"The i7-6700HQ is a powerful 2.6GHz-3.5GHz quad-core processor with Hyperthreading, Turbo Boost, and Intel HD Graphics 530. It's capable of very CPU intensive applications and high end gaming.",Nvidia GTX 1060,http://www.notebookcheck.net/Mobile-NVIDIA-GeForce-GTX-1060-Laptop-Benchmarks-and-Specs.169547.0.html,http://lappylist.com/images/gpu/Nvidia%20logo.jpg,"Nvidia GTX 1060 graphics are the third most powerful graphics of the 1000 series, and were released with the new Pascal core, running more efficient, cooler,  performing at near desktop GPU levels, and offering full VR support. High to ultra settings can be expected from games current at release of this card.",16GB,1TB 7200RPM,,"17.3"" 1920x1080 IPS",4 hrs,10/10,8.9 lbs,1.6 in
,Gigabyte P55Wv7,"$1,449",http://www.anrdoezrs.net/links/7707423/type/dlg/https://www.newegg.com/Product/Product.aspx?Item=N82E16834233201&cm_re=p55wv6-_-34-233-201-_-Product,http://www.lappylist.com/images/laptop/Gigabyte%20P55W.jpg,The Gigabyte P55W is a powerful gaming laptop with powerful specs that avoids flashy gaming branding and maintains a professional look. A grest option for those who need a machine for the office and high end gaming.,i7-7700HQ,https://www.notebookcheck.net/Intel-Core-i7-7700HQ-Notebook-Processor.187975.0.html,http://lappylist.com/images/cpu/Intel%20logo.png,"The i7-7700HQ is a powerful 2.8GHz-3.8GHz quad-core processor with Hyperthreading, Turbo Boost, and Intel HD Graphics 630. It's capable of very CPU intensive applications and high end gaming.",Nvidia GTX 1060,http://www.notebookcheck.net/Mobile-NVIDIA-GeForce-GTX-1060-Laptop-Benchmarks-and-Specs.169547.0.html,http://lappylist.com/images/gpu/Nvidia%20logo.jpg,"Nvidia GTX 1060 graphics are the third most powerful graphics of the 1000 series, and were released with the new Pascal core, running more efficient, cooler,  performing at near desktop GPU levels, and offering full VR support. High to ultra settings can be expected from games current at release of this card.",16GB,1TB 7200RPM,256GB,"15.6"" 1920x1080 IPS",5 hrs,7/10,5.7 lbs,1.34 in
,MSI GE72VR Apache Pro,"$1,449",http://www.anrdoezrs.net/links/7707423/type/dlg/https://www.newegg.com/Product/Product.aspx?Item=9SIAAPK57B7662&cm_re=msi_ge72vr-_-9SIAAPK57B7662-_-Product,http://lappylist.com/images/laptop/Acer%20Aspire%20V15%20Nitro.jpg,"The GE72VR is the 17.3"" version of the MSI GE62VR laptop with upgraded VR ready 1000 series ""Pascal"" Nvidia graphics, premium sound, and custom backlit keyboard. similar mid-range build quality and reasonable portability. Emphasis is on value and slimmer design, rather than the pure stability of more premium laptops makes it a good option for a semi-portablet 17.3"" gaming rig. ",i7-7700HQ,https://www.notebookcheck.net/Intel-Core-i7-7700HQ-Notebook-Processor.187975.0.html,http://lappylist.com/images/cpu/Intel%20logo.png,"The i7-7700HQ is a powerful 2.8GHz-3.8GHz quad-core processor with Hyperthreading, Turbo Boost, and Intel HD Graphics 630. It's capable of very CPU intensive applications and high end gaming.",Nvidia GTX 1060,http://www.notebookcheck.net/Mobile-NVIDIA-GeForce-GTX-1060-Laptop-Benchmarks-and-Specs.169547.0.html,http://lappylist.com/images/gpu/Nvidia%20logo.jpg,"Nvidia GTX 1060 graphics are the third most powerful graphics of the 1000 series, and were released with the new Pascal core, running more efficient, cooler,  performing at near desktop GPU levels, and offering full VR support. High to ultra settings can be expected from games current at release of this card.",16GB,1TB 7200RPM,,"17.3"" 1920x1080 IPS",3 hrs,7/10,5.95 lbs,1.14 in
,MSI GS43VR Phantom Pro,"$1,499",http://www.anrdoezrs.net/links/7707423/type/dlg/https://www.newegg.com/Product/Product.aspx?Item=9SIAAPK5BN9870&cm_re=gs43vr-_-9SIAAPK5BN9870-_-Product,http://lappylist.com/images/laptop/MSI%20GS43VR.jpg,"The GS43 is the 14"" version of their high quality and highly portable GS series. It sports powerful Geforce graphics and is one of the few gaming laptops to come under 4lbs.  It has a fuill color backlit keyboard, premium gaming network features, Thunderbolt 3, and solid battery life for its level of performance.",i7-7700HQ,https://www.notebookcheck.net/Intel-Core-i7-7700HQ-Notebook-Processor.187975.0.html,http://lappylist.com/images/cpu/Intel%20logo.png,"The i7-7700HQ is a powerful 2.8GHz-3.8GHz quad-core processor with Hyperthreading, Turbo Boost, and Intel HD Graphics 630. It's capable of very CPU intensive applications and high end gaming.",Nvidia GTX 1060,http://www.notebookcheck.net/Mobile-NVIDIA-GeForce-GTX-1060-Laptop-Benchmarks-and-Specs.169547.0.html,http://lappylist.com/images/gpu/Nvidia%20logo.jpg,"Nvidia GTX 1060 graphics are the third most powerful graphics of the 1000 series, and were released with the new Pascal core, running more efficient, cooler,  performing at near desktop GPU levels, and offering full VR support. High to ultra settings can be expected from games current at release of this card.",16GB,1TB 7200RPM,128GB,"14"" 1920x1080 IPS",5 hrs,8/10,3.75 lbs,0.87 in
,MSI GT72VR Dominator Pro,"$1,499",https://www.amazon.com/MSI-GT72VR-Dominator-Pro-257-i7-6700HQ/dp/B01M0O4296/ref=as_li_ss_tl?&linkCode=ll1&tag=lappylist-20&linkId=f11db9c079261b762c66cb05b1d91d74,http://lappylist.com/images/laptop/MSI%20GT72VR.jpg,"The GT72VR is the updated high end MSI 17.3"" gaming laptop with the VR rready Nvidia1000 series ""Pascal"" graphics. It's packed with features like premium sound w/ subwoofer, custom backlit keyboard, G-SYNC, and Thunderbolt 3.",i7-6700HQ,http://www.notebookcheck.net/Intel-Core-i7-6700HQ-Notebook-Processor.149420.0.html,http://lappylist.com/images/cpu/Intel%20logo.png,"The i7-6700HQ is a powerful 2.6GHz-3.5GHz quad-core processor with Hyperthreading, Turbo Boost, and Intel HD Graphics 530. It's capable of very CPU intensive applications and high end gaming.",Nvidia GTX 1070,http://www.notebookcheck.net/Mobile-NVIDIA-GeForce-GTX-1070-Laptop.169549.0.html,http://lappylist.com/images/gpu/Nvidia%20logo.jpg,"Nvidia GTX 1070 graphics are the second most powerful graphics of the 1000 series, and were released with the new Pascal core, running more efficient, cooler,  performing at near desktop GPU levels, and offering full VR support. High to ultra settings can be expected from games current at release of this card.",16GB,1TB 7200RPM,128GB,"17.3"" 1920x1080 IPS",3.5 hrs,8/10,8.5 lbs,1.9 in
,MSI GS73VR Stealth Pro-025,"$1,549",http://www.anrdoezrs.net/links/7707423/type/dlg/https://www.newegg.com/Product/Product.aspx?Item=9SIA57X4S74692&cm_re=msi_gs73vr-_-34-154-294-_-Product,http://lappylist.com/images/laptop/MSI%20GS73VR.jpg,"The GS73 is an extremely thin and lightweight 17.3"", high performance, gaming laptop with high quality construction and a 120hz IPS display. It has updated 1000 seriies Nvidia ""Pascal"" graphics, making it VR ready and updating connectivity with USB C and Thunderbolt 3. ",i7-6700HQ,http://www.notebookcheck.net/Intel-Core-i7-6700HQ-Notebook-Processor.149420.0.html,http://lappylist.com/images/cpu/Intel%20logo.png,"The i7-6700HQ is a powerful 2.6GHz-3.5GHz quad-core processor with Hyperthreading, Turbo Boost, and Intel HD Graphics 530. It's capable of very CPU intensive applications and high end gaming.",Nvidia GTX 1060,http://www.notebookcheck.net/Mobile-NVIDIA-GeForce-GTX-1060-Laptop-Benchmarks-and-Specs.169547.0.html,http://lappylist.com/images/gpu/Nvidia%20logo.jpg,"Nvidia GTX 1060 graphics are the third most powerful graphics of the 1000 series, and were released with the new Pascal core, running more efficient, cooler,  performing at near desktop GPU levels, and offering full VR support. High to ultra settings can be expected from games current at release of this card.",16GB,1TB 7200RPM,256GB,"17.3"" 1920x1080 120hz TN",4 hrs,8/10,5.9 lbs,0.77 in
,MSI GS63VR Stealth Pro,"$1,549",http://www.anrdoezrs.net/links/7707423/type/dlg/https://www.newegg.com/Product/Product.aspx?Item=N82E16834154296&cm_re=msi_gs63vr-_-34-154-296-_-Product,http://lappylist.com/images/laptop/MSI%20GS63VR.jpg,"The GS63 is an extremely thin and lightweight 15.6"", high performance, gaming laptop with high quality construction and IPS display. It has updated 1000 seriies Nvidia ""Pascal"" graphics, making it VR ready and updating connectivity with USB C and Thunderbolt 3. ",i7-6700HQ,http://www.notebookcheck.net/Intel-Core-i7-6700HQ-Notebook-Processor.149420.0.html,http://lappylist.com/images/cpu/Intel%20logo.png,"The i7-6700HQ is a powerful 2.6GHz-3.5GHz quad-core processor with Hyperthreading, Turbo Boost, and Intel HD Graphics 530. It's capable of very CPU intensive applications and high end gaming.",Nvidia GTX 1060,http://www.notebookcheck.net/Mobile-NVIDIA-GeForce-GTX-1060-Laptop-Benchmarks-and-Specs.169547.0.html,http://lappylist.com/images/gpu/Nvidia%20logo.jpg,"Nvidia GTX 1060 graphics are the third most powerful graphics of the 1000 series, and were released with the new Pascal core, running more efficient, cooler,  performing at near desktop GPU levels, and offering full VR support. High to ultra settings can be expected from games current at release of this card.",16GB,1TB 7200RPM,256GB,"15.6"" 1920x1080 IPS",4 hrs,8/10,3.9 lbs,0.69 in
,Asus ROG GL502VS,"$1,579",http://www.anrdoezrs.net/links/7707423/type/dlg/https://www.newegg.com/Product/Product.aspx?Item=N82E16834234297&cm_re=gl502vs-_-34-234-297-_-Product,http://lappylist.com/images/laptop/Asus%20GL502.jpg,"The Asus ROG GL502VM is a high quality, fairly light, and extremely powerful gaming laptop with a strong balance of performance and portability. It has a highly accurate display, USB C, and solid battery life for its size.",i7-6700HQ,http://www.notebookcheck.net/Intel-Core-i7-6700HQ-Notebook-Processor.149420.0.html,http://lappylist.com/images/cpu/Intel%20logo.png,"The i7-6700HQ is a powerful 2.6GHz-3.5GHz quad-core processor with Hyperthreading, Turbo Boost, and Intel HD Graphics 530. It's capable of very CPU intensive applications and high end gaming.",Nvidia GTX 1070,http://www.notebookcheck.net/Mobile-NVIDIA-GeForce-GTX-1070-Laptop.169549.0.html,http://lappylist.com/images/gpu/Nvidia%20logo.jpg,"Nvidia GTX 1070 graphics are the second most powerful graphics of the 1000 series, and were released with the new Pascal core, running more efficient, cooler,  performing at near desktop GPU levels, and offering full VR support. High to ultra settings can be expected from games current at release of this card.",16GB,1TB 7200RPM,256GB PCIe,"15.6"" 1920x1080 IPS",5 hrs,9/10,4.8 lbs,0.94 in
,Asus ROG G752VY,"$1,607",https://www.amazon.com/G752VY-DH72-17-Inch-Gaming-Laptop-GeForce/dp/B01578ZM6Q/ref=as_li_ss_tl?&linkCode=ll1&tag=lappylist-20&linkId=c179873e9d8aef6d24921a8ef25a2bdb,http://lappylist.com/images/laptop/Asus%20G752.jpg,"The G752 is part of Asus' RoG gaming laptop series, especially notable for their durability, high quality construction, and incredibly efficient cooling. It has the best cooling on the market, IPS display, and an incredibly high quality build. This quality is reinforced by a relatively heavy design. Not for those needing high portability. ",i7-6700HQ,http://www.notebookcheck.net/Intel-Core-i7-6700HQ-Notebook-Processor.149420.0.html,http://lappylist.com/images/cpu/Intel%20logo.png,"The i7-6700HQ is a powerful 2.6GHz-3.5GHz quad-core processor with Hyperthreading, Turbo Boost, and Intel HD Graphics 530. It's capable of very CPU intensive applications and high end gaming.",Nvidia GTX 980M,http://www.notebookcheck.net/NVIDIA-GeForce-GTX-980M.126692.0.html,http://lappylist.com/images/gpu/Nvidia%20logo.jpg,"Nvidia GTX 980M graphics are the most powerful of the 900 series, released shortly after the 800 series to introduce the newer Maxwell core running more efficient, cooler, and faster than the previous generation. Ultra settings can be expected from games current upon release of this card.",32GB,1TB 7200RPM,256GB PCIe,"17.3"" 1920x1080 IPS",4 hrs,10/10,9.5 lbs,1.9 in
Vry High,MSI GS73VR Stealth Pro,"$1,689",http://www.anrdoezrs.net/links/7707423/type/dlg/https://www.newegg.com/Product/Product.aspx?Item=9SIAAPK5N39766&cm_re=msi_gs73vr-_-9SIAAPK5N39766-_-Product,http://lappylist.com/images/laptop/MSI%20GS73VR.jpg,"The GS73 is an extremely thin and lightweight 17.3"", high performance, gaming laptop with high quality construction and a 120hz IPS display. It has updated 1000 seriies Nvidia ""Pascal"" graphics, making it VR ready and updating connectivity with USB C and Thunderbolt 3. ",i7-7700HQ,https://www.notebookcheck.net/Intel-Core-i7-7700HQ-Notebook-Processor.187975.0.html,http://lappylist.com/images/cpu/Intel%20logo.png,"The i7-7700HQ is a powerful 2.8GHz-3.8GHz quad-core processor with Hyperthreading, Turbo Boost, and Intel HD Graphics 630. It's capable of very CPU intensive applications and high end gaming.",Nvidia GTX 1060,http://www.notebookcheck.net/Mobile-NVIDIA-GeForce-GTX-1060-Laptop-Benchmarks-and-Specs.169547.0.html,http://lappylist.com/images/gpu/Nvidia%20logo.jpg,"Nvidia GTX 1060 graphics are the third most powerful graphics of the 1000 series, and were released with the new Pascal core, running more efficient, cooler,  performing at near desktop GPU levels, and offering full VR support. High to ultra settings can be expected from games current at release of this card.",16GB,1TB 7200RPM,256GB PCIe,"17.3"" 1920x1080 120hz TN",4 hrs,8/10,5.9 lbs,0.77 in
,MSI GT62VR Dominator Pro,"$1,699",http://www.anrdoezrs.net/links/7707423/type/dlg/https://www.newegg.com/Product/Product.aspx?Item=9SIAAPK5732565&cm_re=gt62vr_dominator_pro-_-9SIAAPK5732565-_-Product,http://lappylist.com/images/laptop/MSI%20GT62VR.jpg,"The GT62VR is the updated high end MSI 15.6"" gaming laptop with the VR ready Nvidia 1000 series ""Pascal"" graphics. It's packed with features like premium sound w/ subwoofer, custom backlit keyboard, Thunderbolt 3, and G-SYNC.",i7-7700HQ,https://www.notebookcheck.net/Intel-Core-i7-7700HQ-Notebook-Processor.187975.0.html,http://lappylist.com/images/cpu/Intel%20logo.png,"The i7-7700HQ is a powerful 2.8GHz-3.8GHz quad-core processor with Hyperthreading, Turbo Boost, and Intel HD Graphics 630. It's capable of very CPU intensive applications and high end gaming.",Nvidia GTX 1070,http://www.notebookcheck.net/Mobile-NVIDIA-GeForce-GTX-1070-Laptop.169549.0.html,http://lappylist.com/images/gpu/Nvidia%20logo.jpg,"Nvidia GTX 1070 graphics are the second most powerful graphics of the 1000 series, and were released with the new Pascal core, running more efficient, cooler,  performing at near desktop GPU levels, and offering full VR support. High to ultra settings can be expected from games current at release of this card.",16GB,1TB 7200RPM,128GB,"15.6"" 1920x1080 IPS",4 hrs,8/10,6.48 lbs,1.56 in
,Alienware 17 R4,"$1,749",http://www.anrdoezrs.net/links/7707423/type/dlg/https://www.newegg.com/Product/Product.aspx?Item=9SIAAZU5J77100&cm_re=alienware_17-_-9SIAAZU5J77100-_-Product,http://lappylist.com/images/laptop/Alienware%2015%20R3.jpg,"The Alienware 17 is a high quality gaming laptop with a ton of customization options, beautiful 17.3"" 1920x1080 IPS display, and powerful graphics within a competitive budget. It also has additional features like external GPU compatibility and some of the best battery life available in a 17.3"" gaming laptop.",i7-7700HQ,https://www.notebookcheck.net/Intel-Core-i7-7700HQ-Notebook-Processor.187975.0.html,http://lappylist.com/images/cpu/Intel%20logo.png,"The i7-7700HQ is a powerful 2.8GHz-3.8GHz quad-core processor with Hyperthreading, Turbo Boost, and Intel HD Graphics 630. It's capable of very CPU intensive applications and high end gaming.",Nvidia GTX 1070,http://www.notebookcheck.net/Mobile-NVIDIA-GeForce-GTX-1070-Laptop.169549.0.html,http://lappylist.com/images/gpu/Nvidia%20logo.jpg,"Nvidia GTX 1070 graphics are the second most powerful graphics of the 1000 series, and were released with the new Pascal core, running more efficient, cooler,  performing at near desktop GPU levels, and offering full VR support. High to ultra settings can be expected from games current at release of this card.",16GB,1TB 7200RPM,256GB PCIe,"17.3"" 1920x1080 IPS",5 hrs,9/10,9.74 lbs,1.18 in
,Gigabyte P35Xv6,"$1,849",http://www.anrdoezrs.net/links/7707423/type/dlg/https://www.newegg.com/Product/Product.aspx?Item=N82E16834233182&cm_re=p35xv5-_-34-233-182-_-Product,http://www.lappylist.com/images/laptop/Gigabyte%20P35Xv4.jpg,"The P35Xv6 is a relatively light and reasonably portable laptop with good battery life, a long warranty, and solid build quality for its size. The v6 is equipped with new VR ready Nvidia ""Pascal"" graphics, and a 3K IPS display.",i7-6700HQ,http://www.notebookcheck.net/Intel-Core-i7-6700HQ-Notebook-Processor.149420.0.html,http://lappylist.com/images/cpu/Intel%20logo.png,"The i7-6700HQ is a powerful 2.6GHz-3.5GHz quad-core processor with Hyperthreading, Turbo Boost, and Intel HD Graphics 530. It's capable of very CPU intensive applications and high end gaming.",Nvidia GTX 1070,http://www.notebookcheck.net/Mobile-NVIDIA-GeForce-GTX-1070-Laptop.169549.0.html,http://lappylist.com/images/gpu/Nvidia%20logo.jpg,"Nvidia GTX 1070 graphics are the second most powerful graphics of the 1000 series, and were released with the new Pascal core, running more efficient, cooler,  performing at near desktop GPU levels, and offering full VR support. High to ultra settings can be expected from games current at release of this card.",16GB,1TB 7200RPM,512GB PCIe,"15.6"" 1920x1080 IPS",5 hrs,8/10,5.1 lbs,0.83 in
,Razer Blade,"$1,899",https://www.amazon.com/dp/B01N4P5HKV/ref=as_li_ss_tl?ie=UTF8&linkCode=ll1&tag=lappylist-20&linkId=4dd2f72f571d47c4d453b4ec26ded384,http://lappylist.com/images/laptop/Razer%20Blade%202016.jpg,"The new Razer Blade is the pinnacle of gaming portability with incredibly high build quality, light weight build, super thin chassis, and a full HD IPS touch display. It has eGPU docking options as well, but doesn't provide a lot in terms of battery life for its size. ",i7-7700HQ,https://www.notebookcheck.net/Intel-Core-i7-7700HQ-Notebook-Processor.187975.0.html,http://lappylist.com/images/cpu/Intel%20logo.png,"The i7-7700HQ is a powerful 2.8GHz-3.8GHz quad-core processor with Hyperthreading, Turbo Boost, and Intel HD Graphics 630. It's capable of very CPU intensive applications and high end gaming.",Nvidia GTX 1060,http://www.notebookcheck.net/Mobile-NVIDIA-GeForce-GTX-1060-Laptop-Benchmarks-and-Specs.169547.0.html,http://lappylist.com/images/gpu/Nvidia%20logo.jpg,"Nvidia GTX 1060 graphics are the third most powerful graphics of the 1000 series, and were released with the new Pascal core, running more efficient, cooler,  performing at near desktop GPU levels, and offering full VR support. High to ultra settings can be expected from games current at release of this card.",16GB,,256GB PCIe,"14"" 1920x1080 IPS",6 hrs,10/10,4.16 lbs,0.7 in
,MSI GT73VR Titan,"$1,949",https://www.amazon.com/MSI-GT73VR-Titan-017-Notebook-I7-6820HK/dp/B01K05LCHY/ref=as_li_ss_tl?&linkCode=ll1&tag=lappylist-20&linkId=1989a40bce09b2f78d7225c8c08abdf8,http://lappylist.com/images/laptop/MSI%20GT73VR.jpg,"The GT73VR is the updated high end MSI 17.3"" gaming laptop with the VR rready Nvidia1000 series ""Pascal"" graphics. It's packed with features like premium sound w/ subwoofer, custom backlit keyboard, G-SYNC, and Thunderbolt 3. it is very similar to the GT72VR, except with a more powerful processor and 120hz display.",i7-6820HK,http://www.notebookcheck.net/Intel-Core-i7-6820HK-Notebook-Processor.149418.0.html,http://lappylist.com/images/cpu/Intel%20logo.png,"The i7-6820HK is a powerful 2.7GHz-3.6GHz quad-core processor with Hyperthreading, Turbo Boost, and Intel HD Graphics 530. It's capable of very CPU intensive applications and high end gaming. It also has an unlocked multiplier to allow overclocking.",Nvidia GTX 1070,http://www.notebookcheck.net/Mobile-NVIDIA-GeForce-GTX-1070-Laptop.169549.0.html,http://lappylist.com/images/gpu/Nvidia%20logo.jpg,"Nvidia GTX 1070 graphics are the second most powerful graphics of the 1000 series, and were released with the new Pascal core, running more efficient, cooler,  performing at near desktop GPU levels, and offering full VR support. High to ultra settings can be expected from games current at release of this card.",16GB,1TB 7200RPM,128GB,"17.3"" 1920x1080 120hz TN",3.5 hrs,8/10,8.5 lbs,1.9 in
,Aorus X3 PLUS v7,"$1,999",http://www.anrdoezrs.net/links/7707423/type/dlg/https://www.newegg.com/Product/Product.aspx?Item=N82E16834725043&cm_re=aorus_x3_plus-_-34-725-043-_-Product,http://lappylist.com/images/laptop/Aorus%20X3%20Plus.jpg,"The Aorus X3 is an extremely powerful, yet incredibly portable 13.9"" gaming laptop with high quality Nvidia graphics, SSD RAID options, and a 3K IPS display. It's a much more affordable alternative to Razer's Blade, making it one of the best options possible for highly portable gaming.",i7-7820HK,https://www.notebookcheck.net/Intel-Core-i7-7820HK-Laptop-Processor.189821.0.html,http://lappylist.com/images/cpu/Intel%20logo.png,"The i7-7820HK is a powerful 2.9GHz-3.9GHz quad-core processor with Hyperthreading, Turbo Boost, and Intel HD Graphics 630. It's capable of very CPU intensive applications and high end gaming. It also has an unlocked multiplier to allow overclocking.",Nvidia GTX 1060,http://www.notebookcheck.net/Mobile-NVIDIA-GeForce-GTX-1060-Laptop-Benchmarks-and-Specs.169547.0.html,http://lappylist.com/images/gpu/Nvidia%20logo.jpg,"Nvidia GTX 1060 graphics are the third most powerful graphics of the 1000 series, and were released with the new Pascal core, running more efficient, cooler,  performing at near desktop GPU levels, and offering full VR support. High to ultra settings can be expected from games current at release of this card.",16GB,,512GB PCIe,"13.9"" 3200x1800 IPS",5 hrs,7/10,3.97 lbs,0.9 in
Ultra High,Aorus X5 v6,"$2,099",http://www.anrdoezrs.net/links/7707423/type/dlg/http://www.newegg.com/Product/Product.aspx?Item=N82E16834725033&cm_re=aorus_x5_1070-_-34-725-033-_-Product,http://lappylist.com/images/laptop/Aorus%20X5.jpg,"The Aorus x5 is a high quality and fairly thin premium gaming laptop with a high res 2880x1620 IPS display. With high end unlocked Intel i7's, a large range of configurations, G-SYNC, and new VR ready Nvidia ""Pascal"" graphics, it's a great option if the budget allows.",i7-6820HK,http://www.notebookcheck.net/Intel-Core-i7-6820HK-Notebook-Processor.149418.0.html,http://lappylist.com/images/cpu/Intel%20logo.png,"The i7-6820HK is a powerful 2.7GHz-3.6GHz quad-core processor with Hyperthreading, Turbo Boost, and Intel HD Graphics 530. It's capable of very CPU intensive applications and high end gaming. It also has an unlocked multiplier to allow overclocking.",Nvidia GTX 1070,http://www.notebookcheck.net/Mobile-NVIDIA-GeForce-GTX-1070-Laptop.169549.0.html,http://lappylist.com/images/gpu/Nvidia%20logo.jpg,"Nvidia GTX 1070 graphics are the second most powerful graphics of the 1000 series, and were released with the new Pascal core, running more efficient, cooler,  performing at near desktop GPU levels, and offering full VR support. High to ultra settings can be expected from games current at release of this card.",16GB,1TB 7200RPM,256GB PCIe,"15.6"" 2880x1620 IPS",3 hrs,8/10,5.51 lbs,0.9 in
,Asus ROG G752VS,"$2,499",http://www.anrdoezrs.net/links/7707423/type/dlg/https://www.newegg.com/Product/Product.aspx?Item=9SIAAPK57R1047&cm_re=asus_g752vs-_-9SIAAPK57R1047-_-Product,http://lappylist.com/images/laptop/Asus%20G752.jpg,"The G752VS is part of Asus' RoG gaming laptop series, especially notable for their durability, high quality construction, and incredibly efficient cooling. It has the best cooling on the market, G-SYNC, VR ready graphics, an IPS display, and an incredibly high quality build. This quality is reinforced by a relatively heavy design. Not for those needing high portability. ",i7-7820HK,https://www.notebookcheck.net/Intel-Core-i7-7820HK-Laptop-Processor.189821.0.html,http://lappylist.com/images/cpu/Intel%20logo.png,"The i7-7820HK is a powerful 2.9GHz-3.9GHz quad-core processor with Hyperthreading, Turbo Boost, and Intel HD Graphics 630. It's capable of very CPU intensive applications and high end gaming. It also has an unlocked multiplier to allow overclocking.",Nvidia GTX 1070,http://www.notebookcheck.net/Mobile-NVIDIA-GeForce-GTX-1070-Laptop.169549.0.html,http://lappylist.com/images/gpu/Nvidia%20logo.jpg,"Nvidia GTX 1070 graphics are the second most powerful graphics of the 1000 series, and were released with the new Pascal core, running more efficient, cooler,  performing at near desktop GPU levels, and offering full VR support. High to ultra settings can be expected from games current at release of this card.",32GB,1TB 7200RPM,2x 256GB RAID 0,"17.3"" 1920x1080 IPS",4 hrs,10/10,9.5 lbs,1.9 in
,MSI GT73VR Titan Pro,"$2,899",http://www.anrdoezrs.net/links/7707423/type/dlg/https://www.newegg.com/Product/Product.aspx?Item=9SIA57X5B06754&cm_re=gt73vr_titan_pro-_-9SIA57X5B06754-_-Product,http://lappylist.com/images/laptop/MSI%20GT80%20Titan.jpg,"The GT73VR Titan is a huge 17.3"" gaming laptop with ahigh quality keyboard), tons of RAM, and untouchable performance. It's been advertised to allow for user upgrades for up to the next 3 years.",i7-7820HK,https://www.notebookcheck.net/Intel-Core-i7-7820HK-Laptop-Processor.189821.0.html,http://lappylist.com/images/cpu/Intel%20logo.png,"The i7-7820HK is a powerful 2.9GHz-3.9GHz quad-core processor with Hyperthreading, Turbo Boost, and Intel HD Graphics 630. It's capable of very CPU intensive applications and high end gaming. It also has an unlocked multiplier to allow overclocking.",Nvidia GTX 1080,http://www.notebookcheck.net/NVIDIA-GeForce-GTX-1080-Laptop.171212.0.html,http://lappylist.com/images/gpu/Nvidia%20logo.jpg,"Nvidia GTX 1080 graphics are the most powerful graphics of the 1000 series, and were released with the new Pascal core, running more efficient, cooler,  performing at near desktop GPU levels, and offering full VR support. Ultra settings can be expected from games current at release of this card.",16GB,1TB 7200RPM,256GB PCIe,"18.4"" 1920x1080 TN",3 hrs,10/10,9.9 lbs,1.93 in
,MSI GT83VR Titan,"$3,499",http://www.anrdoezrs.net/links/7707423/type/dlg/https://www.newegg.com/Product/Product.aspx?Item=9SIA57X5MR5323&cm_re=gt83vr_titan-_-9SIA57X5MR5323-_-Product,http://lappylist.com/images/laptop/MSI%20GT80%20Titan.jpg,"The GT83VR is a huge 18.4"" gaming laptop with a true mechanical keyboard (not a typo, it actually has Cherry MX switches), configurations with up to 2 GTX 1080's on SLI, tons of RAM, and untouchable performance. It's been advertised to allow for user upgrades for up to the next 3 years.",i7-7920HQ,https://www.notebookcheck.net/Intel-Core-i7-7920HQ-Notebook-Processor.189816.0.html,http://lappylist.com/images/cpu/Intel%20logo.png,"The i7-7920HQ is a powerful 3.1GHz-4.1GHz quad-core processor with Hyperthreading, Turbo Boost, and Intel HD Graphics 630. It's capable of very CPU intensive applications and high end gaming.",Nvidia GTX 1070 x2,http://www.notebookcheck.net/Mobile-NVIDIA-GeForce-GTX-1070-Laptop.169549.0.html,http://lappylist.com/images/gpu/Nvidia%20logo.jpg,"Nvidia GTX 1070 graphics are the second most powerful graphics of the 1000 series, and were released with the new Pascal core, running more efficient, cooler,  performing at near desktop GPU levels, and offering full VR support. High to ultra settings can be expected from games current at release of this card.",16GB,1TB 7200RPM,,"18.4"" 1920x1080 TN",3 hrs,10/10,12.1 lbs,2.71 in
,MSI GT83VR Titan,"$4,399",http://www.anrdoezrs.net/links/7707423/type/dlg/https://www.newegg.com/Product/Product.aspx?Item=9SIA57X5MR4825&cm_re=gt83vr_titan-_-9SIA57X5MR4825-_-Product,http://lappylist.com/images/laptop/MSI%20GT80%20Titan.jpg,"The GT83VR is a huge 18.4"" gaming laptop with a true mechanical keyboard (not a typo, it actually has Cherry MX switches), configurations with up to 2 GTX 1080's on SLI, tons of RAM, and untouchable performance. It's been advertised to allow for user upgrades for up to the next 3 years.",i7-7920HQ,https://www.notebookcheck.net/Intel-Core-i7-7920HQ-Notebook-Processor.189816.0.html,http://lappylist.com/images/cpu/Intel%20logo.png,"The i7-7920HQ is a powerful 3.1GHz-4.1GHz quad-core processor with Hyperthreading, Turbo Boost, and Intel HD Graphics 630. It's capable of very CPU intensive applications and high end gaming.",Nvidia GTX 1080 x2,http://www.notebookcheck.net/NVIDIA-GeForce-GTX-1080-Laptop.171212.0.html,http://lappylist.com/images/gpu/Nvidia%20logo.jpg,"Nvidia GTX 1080 graphics are the most powerful graphics of the 1000 series, and were released with the new Pascal core, running more efficient, cooler,  performing at near desktop GPU levels, and offering full VR support. Ultra settings can be expected from games current at release of this card.",16GB,1TB 7200RPM,,"18.4"" 1920x1080 TN",3 hrs,10/10,12.1 lbs,2.71 in
,Asus GX700VH,"$5,999",http://www.anrdoezrs.net/links/7707423/type/dlg/https://www.newegg.com/Product/Product.aspx?Item=N82E16834234463&cm_re=asus_gx800-_-34-234-463-_-Product,http://lappylist.com/images/laptop/Asus%20GX700.jpg,"The GX800 is another  tribute to insanity. It's an incredibly powerful laptop with a dual GTX 1080's and i7-7820HK overclocked with a full watercooling system. It has 3x512GB RAID capable PCIe SSD's, a massive 64GB RAM, G-Sync, and everything else you could ask for including Thunderbolt connecitivty.",i7-7820HK,https://www.notebookcheck.net/Intel-Core-i7-7820HK-Laptop-Processor.189821.0.html,http://lappylist.com/images/cpu/Intel%20logo.png,"The i7-7820HK is a powerful 2.9GHz-3.9GHz quad-core processor with Hyperthreading, Turbo Boost, and Intel HD Graphics 630. It's capable of very CPU intensive applications and high end gaming. It also has an unlocked multiplier to allow overclocking.",Nvidia GTX 1080 x2,http://www.notebookcheck.net/NVIDIA-GeForce-GTX-1080-Laptop.171212.0.html,http://lappylist.com/images/gpu/Nvidia%20logo.jpg,"Nvidia GTX 1080 graphics are the most powerful graphics of the 1000 series, and were released with the new Pascal core, running more efficient, cooler,  performing at near desktop GPU levels, and offering full VR support. Ultra settings can be expected from games current at release of this card.",64GB,,3x 512GB,"18.4"" 3840x2160 IPS",3 hrs,10/10,12.57 lbs,1.87 in
x,x,x,x,x,x,x,x,x,x,x,x,x,x,x,x,x,x,x,x,x,x