Budget,Model,Price,Model-Link,Model-Image,Model-Descrip,CPU,CPU-Link,CPU-Image,CPU-Descrip,Graphics,Graphics-Link,Graphics-Image,Graphics-Descrip,RAM,HDD,SSD,Display,Battery,Quality,Weight,Thickness
Ultra Low,Lenovo IdeaPad 120s,$249,//lenovo.7eer.net/c/226309/218864/3808?u=https%3A%2F%2Fwww3.lenovo.com%2Fus%2Fen%2Flaptops%2Fideapad%2Fideapad-100-series%2FIdeapad-120S-14-Intel%2Fp%2F88IP10S0892,http://lappylist.com/images/laptop/Lenovo%20IdeaPad%20100s.jpg,"The Lenovo 120s is an extremely lightweight 14"" budget laptop designed for affordability, portability, and mainstream use. It's a really basic machine, but has everything you'd need for average daily use. ",Celeron N3350,https://www.notebookcheck.net/Intel-Celeron-N3350-Notebook-Processor.182738.0.html,http://lappylist.com/images/cpu/Intel%20logo.png,"The N3350 is a low end Apollo Lake processor well suited for light tasks of a casual user such as email, word processing, etc.",Intel HD Graphics 500,https://www.notebookcheck.net/Intel-HD-Graphics-500.182723.0.html,http://lappylist.com/images/gpu/Intel%20HD%20graphics%20logo.jpg,Intel HD Graphics 500 are integrated graphics suited for older or lighter gaming and up to 4K video playback.,4GB,,64GB,"14"" 1366x738 TN",8 hrs,4/10,3.17 lbs,0.73 in
,Asus Vivobook E403NA,$258,https://www.amazon.com/dp/B076CRF7DN,http://lappylist.com/images/laptop/Asus%20E402SA.jpg,"The E403NA is a low end, but highly portable 14"" laptop with meager specs, but a great price for a laptop with a full HD display. If you need something cheap that will still give you a lot of display real estate, then this would be a good option.",Celeron N3350,https://www.notebookcheck.net/Intel-Celeron-N3350-Notebook-Processor.182738.0.html,http://lappylist.com/images/cpu/Intel%20logo.png,"The N3350 is a low end Apollo Lake processor well suited for light tasks of a casual user such as email, word processing, etc.",Intel HD Graphics 500,https://www.notebookcheck.net/Intel-HD-Graphics-500.182723.0.html,http://lappylist.com/images/gpu/Intel%20HD%20graphics%20logo.jpg,Intel HD Graphics 500 are integrated graphics suited for older or lighter gaming and up to 4K video playback.,4GB,,64GB,"14"" 1920x1080 TN",12 hrs,4/10,3.3 lbs,0.7 in
,Acer Aspire E15-575,$349,https://www.amazon.com/dp/B01K1IO3QW/,http://lappylist.com/images/laptop/Acer%20Aspire%20E15%20575.jpg,"The E15 575 is a low budget laptop with a lot of higher budget options like a Full HD 1920x1080 display, new 7th gen Intel processors, incredible battery life, and fantastic affordability.",i3 7100U,http://www.notebookcheck.net/Intel-Core-i3-7100U-Notebook-Processor.172251.0.html,http://lappylist.com/images/cpu/Intel%20logo.png,"The i3-7100U is a 2.4GHz Ultra Low Voltage processor with Intel HD 5500 integrated graphics, 2 cores with Hyperthreading, and is suited for most applications and light gaming.",Intel Graphics 620,http://www.notebookcheck.net/Intel-HD-Graphics-620.172256.0.html,http://lappylist.com/images/gpu/Intel%20HD%20graphics%20logo.jpg,"Intel HD Graphics 620 are quality integrated graphics that support multiple display, can easily handle light gaming, and is on par with the performance of the Nvidia GT 820M.",4GB,1TB 5400RPM,,"15.6"" 1920x1080 TN",12 hrs,5/10,5.3 lbs,1.2 in
Low,Asus F441,$444,http://www.anrdoezrs.net/links/7707423/type/dlg/https://www.newegg.com/Product/Product.aspx?Item=N82E16834234919,http://lappylist.com/images/laptop2018/Asus%20Vivobook%20F441.jpg,"The F441 is an affordable, yet well equipped budget mainstream laptop with great connectivity features, including an optical drive, solid battery life, extremely thin and light design, and a very affordable price point.",AMD A9-9420,https://www.notebookcheck.net/AMD-A9-9420-SoC-Benchmarks-and-Specs.232620.0.html,http://lappylist.com/images/cpu/AMD_logo.png,,AMD Radeon R5,https://www.notebookcheck.net/AMD-Radeon-R5-Stoney-Ridge.182719.0.html,http://lappylist.com/images/gpu/AMD%20Radeon%20graphics%20logo.jpg,"Intel HD Graphics 520 are quality integrated graphics that support multiple display, can easily handle light gaming, and is on par with the performance of the Nvidia GT 820M.",8GB,1TB 5400RPM,,"14"" 1920x1080 TN",6 hrs,5/10,3.9 lbs,1.1 in
,Asus Vivobook F510UA,$599,https://www.amazon.com/dp/B0795W86N3?th=1,http://lappylist.com/images/laptop2018/Asus%20Vivobook%20F510UA.jpg,"The F510UA is an extremely light and portable 15.6"" laptop, weighing in at only 3.7 lbs and measuring only 0.8"" thin. With very thin 0.3"" bezel, Asus managed to fit this 15.6"" machine into a 14"" frame, giving you optimal portability without sacrificing display size. The battery is the biggest weakpoint here with only 5 hours or so of actual use, but optimization can increase that. ",i5-8250U,https://www.notebookcheck.net/Intel-Core-i5-8250U-SoC-Benchmarks-and-Specs.242172.0.html,http://lappylist.com/images/cpu/Intel%20logo.png,"The i5-8250U is a 1.6GHz-3.4GHz Ultra low Voltage processor, having Intel HD Graphics 620 integrated, 4 cores with Hyperthreading, and Turbo Boost. It's well capable of moderate gaming, multimedia purposes, office applications, and more.",Intel UHD Graphics 620,https://www.notebookcheck.net/Intel-UHD-Graphics-620-GPU-Review-Benchmarks-and-Specs.239936.0.html,http://lappylist.com/images/gpu/Intel%20HD%20graphics%20logo.jpg,"Intel HD Graphics 620 are quality integrated graphics that support multiple display, can easily handle light gaming, and is on par with the performance of the Nvidia GT 920M.",8GB,1TB 5400RPM,128GB,"15.6"" 1920x1080 IPS",5 hrs,6/10,3.7 lbs,0.8 in
,Acer Aspire E15-575G,$579,https://www.amazon.com/dp/B01LD4MGY4//ref=as_li_ss_tl?&linkCode=ll1&tag=lappylist-20&linkId=e527f8326ea2e02dff350ec07c680f03,http://lappylist.com/images/laptop/Acer%20Aspire%20E15-575G.jpg,"The E15-575G is a low to mid-range multimedia laptop with an Nvidia GT 940M, making it one of the most affordable options for a laptop with decent dedicated graphics. It's the same machine as the previous E5-573G model, but with an updated ""Skylake"" processor. The 575G also brags a whopping 12 hour battery life.",i5-7200U,http://www.notebookcheck.net/Intel-Core-i5-7200U-Notebook-Processor.172250.0.html,http://lappylist.com/images/cpu/Intel%20logo.png,"The i5-7200U is a 2.5GHz-3.1GHz Ultra low Voltage processor, having Intel HD Graphics 520 integrated, 2 cores with Hyperthreading, and Turbo Boost. It's well capable of moderate gaming, multimedia purposes, office applications, and more.",Nvidia 940MX,http://www.notebookcheck.net/NVIDIA-GeForce-940MX.156033.0.html,http://lappylist.com/images/gpu/Nvidia%20logo.jpg,"Nvidia  940MX graphics are mid-range graphics well capable of video editing, mid-range gaming, fairly intensive graphics work, and 4k video playback.",8GB,,256GB,"15.6"" 1920x1080 TN",12 hrs,6/10,5.3 lbs,1.19 in
,Asus Vivobook S410UA,$649,https://www.amazon.com/dp/B079XKBTTK,http://lappylist.com/images/laptop2018/Asus%20Vivobook%20S410UA.jpg,"The S410 UA is an incredibly compact 14"" laptop with a virtually borderless display, allowing it to maintaint a size normally reserved for 13"" laptops. It's light and portable at 3.2 lbs and the price tag keeps it a great option for a mid-range commuter machine. ",i5-8250U,https://www.notebookcheck.net/Intel-Core-i5-8250U-SoC-Benchmarks-and-Specs.242172.0.html,http://lappylist.com/images/cpu/Intel%20logo.png,"The i5-8250U is a 1.6GHz-3.4GHz Ultra low Voltage processor, having Intel HD Graphics 620 integrated, 4 cores with Hyperthreading, and Turbo Boost. It's well capable of moderate gaming, multimedia purposes, office applications, and more.",Intel UHD Graphics 620,https://www.notebookcheck.net/Intel-UHD-Graphics-620-GPU-Review-Benchmarks-and-Specs.239936.0.html,http://lappylist.com/images/gpu/Intel%20HD%20graphics%20logo.jpg,"Intel HD Graphics 620 are quality integrated graphics that support multiple display, can easily handle light gaming, and is on par with the performance of the Nvidia GT 920M.",8GB,1TB FireCuda,,"14"" 1920x1080",8 hrs,7/10,3.2 lbs,0.7 in
,Acer Swift 3 15,$649,https://www.amazon.com/dp/B0746NQYFF,http://lappylist.com/images/laptop2018/Acer%20Swift%203.jpg,"The Acer Swift 3 15 is an extremely light and efficient option for a 15.6"" laptop. With 10 hours of battery life and weighing in at only 4.6 lbs, it allows  for a full size laptop experience without weighing you down, and it's thin  0.74"" design commands very little room in a bag.  ",i5-8250U,https://www.notebookcheck.net/Intel-Core-i5-8250U-SoC-Benchmarks-and-Specs.242172.0.html,http://lappylist.com/images/cpu/Intel%20logo.png,"The i5-8250U is a 1.6GHz-3.4GHz Ultra low Voltage processor, having Intel HD Graphics 620 integrated, 4 cores with Hyperthreading, and Turbo Boost. It's well capable of moderate gaming, multimedia purposes, office applications, and more.",Intel UHD Graphics 620,https://www.notebookcheck.net/Intel-UHD-Graphics-620-GPU-Review-Benchmarks-and-Specs.239936.0.html,http://lappylist.com/images/gpu/Intel%20HD%20graphics%20logo.jpg,"Intel HD Graphics 620 are quality integrated graphics that support multiple display, can easily handle light gaming, and is on par with the performance of the Nvidia GT 920M.",8GB,,256GB,"15"" 1920x1080 IPS",10 hrs,8/10,4.63 lbs,0.74 in
Medium,Dell Inspiron 13-i5378,$719,https://www.amazon.com/dp/B01L8PDMOG//ref=as_li_ss_tl?ie=UTF8&linkCode=ll1&tag=lappylist-20&linkId=eae95de6b6f28db7571e719cd691b84c,http://lappylist.com/images/laptop/Dell%20Inspiron%2013%202%20in%201.jpg,The Dell Inspiron 13 2 in 1 is a highly portable and lightweight convertible with an Intel Kaby Lake processor and graphics.,i7-7500U,http://www.notebookcheck.net/Intel-Core-i7-7500U-Notebook-Processor.172205.0.html,http://lappylist.com/images/cpu/Intel%20logo.png,"The i7-7500U is a 2.7GHz-3.5GHz Ultra low Voltage processor, having Intel HD Graphics 620 integrated, 2 cores with Hyperthreading, and Turbo Boost. It's well capable of moderate gaming, multimedia purposes, office applications, and more.",Intel Graphics 620,http://www.notebookcheck.net/Intel-HD-Graphics-520.149940.0.html,http://lappylist.com/images/gpu/Intel%20HD%20graphics%20logo.jpg,"Intel HD Graphics 620 are quality integrated graphics that support multiple display, can easily handle light gaming, and is on par with the performance of the Nvidia GT 820M.",8GB,,256GB,"13.3"" 1920x1080 IPS Touch",8 hrs,7/10,3.44 lbs,0.76 in
,Asus Zenbook UX330UA,$749,https://www.amazon.com/dp/B075N1YHVK,http://lappylist.com/images/laptop/ASUS%20Zenbook%20UX303LA.jpg,"ASUS's Zenbook UX330UA is one of ASUS's elite line of ultrabooks. It has fantastic build quality, a high end IPS display, great battery life, and a sleek design.",i5-8250U,https://www.notebookcheck.net/Intel-Core-i5-8250U-SoC-Benchmarks-and-Specs.242172.0.html,http://lappylist.com/images/cpu/Intel%20logo.png,"The i5-8250U is a 1.6GHz-3.4GHz Ultra low Voltage processor, having Intel HD Graphics 620 integrated, 4 cores with Hyperthreading, and Turbo Boost. It's well capable of moderate gaming, multimedia purposes, office applications, and more.",Intel UHD Graphics 620,https://www.notebookcheck.net/Intel-UHD-Graphics-620-GPU-Review-Benchmarks-and-Specs.239936.0.html,http://lappylist.com/images/gpu/Intel%20HD%20graphics%20logo.jpg,"Intel HD Graphics 620 are quality integrated graphics that support multiple display, can easily handle light gaming, and is on par with the performance of the Nvidia GT 920M.",8GB,,256GB PCIe,"13.3"" 1920x1080 IPS",8 hrs,9/10,2.6 lbs,0.5 in
,Dell Inspiron 15-i5557,$749,https://www.amazon.com/dp/B06XFGDD8P//ref=as_li_ss_tl?ie=UTF8&linkCode=ll1&tag=lappylist-20&linkId=fefc4764b2bfe739cf317ca2927d8f4d,http://lappylist.com/images/laptop/Dell%20Inspiron%2015%20i5557.jpg,"The Dell Inspiron 15 i5557 is an affordable, yet powerful multimedia laptop with dedicated graphics, an IPS display, SSD, and new Kaby Lake quad-core i5 processor. ",i5-7300HQ,https://www.notebookcheck.net/Intel-Core-i5-7300HQ-Laptop-Processor.189854.0.html,http://lappylist.com/images/cpu/Intel%20logo.png,"The i5-7300HQ is a powerful 2.5GHz-3.5GHz processor, having Intel Graphics 530,4 cores, Turbo Boost, and is powerful enough for most CPU intensive applications and moderate to heavy gaming.",Nvidia GTX 1050,https://www.notebookcheck.net/NVIDIA-GeForce-GTX-1050-Notebook.178614.0.html,http://lappylist.com/images/gpu/Nvidia%20logo.jpg,"Nvidia GTX 1050 graphics are on the budget end of the GTX graphics of the 1000 series, and were released with the new Pascal core, running more efficient, cooler,  performing at near desktop GPU levels, and offering full VR support. It's a 30% improvement in performance over the GTX 960M.",8GB,,256GB,"15.6"" 1920x1080 IPS",7 hrs,8/10,5.7 lbs,1 in
,Apple Macbook Air 13,$887,http://www.jdoqocy.com/click-7707423-10446076?url=https%3A%2F%2Fwww.newegg.com%2FProduct%2FProduct.aspx%3FItem%3D9SIABMT6CV5488%26cm_re%3Dmacbook_air-_-9SIABMT6CV5488-_-Product,http://lappylist.com/images/laptop/Apple%20Macbook%20Air.jpg,"The Apple Macbook Air is an extremely efficient, lightweight, and high quality ultraportable laptop perfect for any mainstream use.",i5-5350U,https://www.notebookcheck.net/Intel-Core-i5-5350U-Notebook-Processor.127829.0.html,http://lappylist.com/images/cpu/Intel%20logo.png,"The i5-5350U is a 1.8GHz-2.9GHz Ultra Low Voltage processor, having Intel HD 6000 graphics integrated, 2 cores with Hyperthreading, Turbo Boost, and is well suited for moderate gaming, office applications, multimedia purposes, and more.",Intel HD 6000,http://www.notebookcheck.net/Intel-HD-Graphics-6000.125588.0.html,http://lappylist.com/images/gpu/Intel%20HD%20graphics%20logo.jpg,"Intel HD 6000 graphics are quality integrated graphics capable of multi-display support and can easily handle light gaming (e.g. League of Legends, The Sims, Minecraft, Civ V, etc.)",8GB,,128GB PCIe,"13.3"" 1440x900",12 hrs,10/10,3 lbs,0.68 in
,Dell XPS 13 9360,$891,https://click.linksynergy.com/deeplink?id=exBsg*4*zaI&mid=24542&murl=https%3A%2F%2Fwww.microsoft.com%2Fen-us%2Fstore%2Fd%2Fdell-xps-13-xps-9360-laptop%2F8q17384grz37%2FGV5D%3Factivetab%3Dpivot%3Aoverviewtab,http://lappylist.com/images/laptop/Dell%20XPS%2013-9350.jpg,"The Kaby Lake refresh of the Dell XPS 13 is an extremely lightweight and high quality ultrabook with great battery life, updated Kaby Lake onboard graphics, and a borderless 13.3"" 1920x1080 display.",i5-7200U,http://www.notebookcheck.net/Intel-Core-i5-7200U-Notebook-Processor.172250.0.html,http://lappylist.com/images/cpu/Intel%20logo.png,"The i5-7200U is a 2.5GHz-3.1GHz Ultra low Voltage processor, having Intel HD Graphics 620 integrated, 2 cores with Hyperthreading, and Turbo Boost. It's well capable of moderate gaming, multimedia purposes, office applications, and more.",Intel Graphics 620,http://www.notebookcheck.net/Intel-HD-Graphics-520.149940.0.html,http://lappylist.com/images/gpu/Intel%20HD%20graphics%20logo.jpg,"Intel HD Graphics 620 are quality integrated graphics that support multiple display, can easily handle light gaming, and is on par with the performance of the Nvidia GT 920M.",8GB,,128GB,"13.3"" 1920x1080 IPS Touch",12 hrs,9/10,2.7 lbs,0.53 in
,LG Gram 15,$988,https://www.amazon.com/dp/B01N22876J/ref=as_li_ss_tl?ie=UTF8&linkCode=ll1&tag=lappylist-20&linkId=01eb20914e0383922566dc7fa2691b53,http://lappylist.com/images/laptop/LG%20Gram.jpg,"The LG Gram is an incredibly lightweight, portable, and efficient 15.6"" laptop with solid specs and connectivity, all while managing to maintain an unreal 2.4 lb weight. The light weight is due to cutting some corners in build quality, however, but it still remains a solid choice for an ultraportable 15.6"" machine. This Kaby Lake iteration includes a thinner design, much better battery life, and a little added weight to compensate.",i5-7200U,http://www.notebookcheck.net/Intel-Core-i5-7200U-Notebook-Processor.172250.0.html,http://lappylist.com/images/cpu/Intel%20logo.png,"The i5-7200U is a 2.5GHz-3.1GHz Ultra low Voltage processor, having Intel HD Graphics 620 integrated, 2 cores with Hyperthreading, and Turbo Boost. It's well capable of moderate gaming, multimedia purposes, office applications, and more.",Intel Graphics 620,http://www.notebookcheck.net/Intel-HD-Graphics-520.149940.0.html,http://lappylist.com/images/gpu/Intel%20HD%20graphics%20logo.jpg,"Intel HD Graphics 620 are quality integrated graphics that support multiple display, can easily handle light gaming, and is on par with the performance of the Nvidia GT 920M.",8GB,,256GB,"15.6"" 1920x1080 IPS",15 hrs,7/10,2.4 lbs,0.6 in
,Asus Zenbook UX331UN,$999,http://www.anrdoezrs.net/links/7707423/type/dlg/https://www.newegg.com/Product/Product.aspx?Item=N82E16834234929,http://lappylist.com/images/laptop2018/Asus%20Zenbook%20UX331UN.jpg,,i5-8250U,https://www.notebookcheck.net/Intel-Core-i5-8250U-SoC-Benchmarks-and-Specs.242172.0.html,http://lappylist.com/images/cpu/Intel%20logo.png,"The i5-8250U is a 1.6GHz-3.4GHz Ultra low Voltage processor, having Intel HD Graphics 620 integrated, 4 cores with Hyperthreading, and Turbo Boost. It's well capable of moderate gaming, multimedia purposes, office applications, and more.",Nvidia MX150,https://www.notebookcheck.net/NVIDIA-GeForce-MX150-Benchmark-and-Specs-of-the-GT-1030-for-Laptops.223530.0.html,http://lappylist.com/images/gpu/Intel%20HD%20graphics%20logo.jpg,"Nvidia 150MX graphics are mid-range graphics well capable of video editing, mid-range gaming, fairly intensive graphics work, and 4k video playback.",8GB,,256GB,"13.3"" 1920x1080 IPS Touch",14 hrs,8/10,,
Medium-High,Asus Zenbook UX430UA,"$1,005",http://www.anrdoezrs.net/links/7707423/type/dlg/https://www.newegg.com/Product/Product.aspx?Item=N82E16834234754&cm_re=ux430ua-_-34-234-754-_-Product,http://lappylist.com/images/laptop/Asus%20Zenbook%20UX390UA.jpg,"The Zenbook 3 UX430UA is at the high end of Asus's already premium Zenbook line. Weighing in at only 2.75lbs, it's only 0.6"" thin and has and incredibly fast PCIe 512GB SSD, beautiful IPS display, fantastic battery life, and premium sound, which is unheard of on a notebook of this size. ",i7-8550U,https://www.notebookcheck.net/Intel-Core-i7-8550U-SoC-Benchmarks-and-Specs.242108.0.html,http://lappylist.com/images/cpu/Intel%20logo.png,"The i7-8550U is a 1.8GHz-4GHz Ultra low Voltage processor, having Intel UHD Graphics 620 integrated, 4 cores with Hyperthreading, and Turbo Boost. It's well capable of moderate gaming, multimedia purposes, office applications, and more.",Intel UHD Graphics 620,https://www.notebookcheck.net/Intel-UHD-Graphics-620-GPU-Review-Benchmarks-and-Specs.239936.0.html,http://lappylist.com/images/gpu/Intel%20HD%20graphics%20logo.jpg,"Intel HD Graphics 620 are quality integrated graphics that support multiple display, can easily handle light gaming, and is on par with the performance of the Nvidia GT 920M.",16GB,,512GB,"14"" 1920x1080 IPS",9 hrs,7/10,2.75 lbs,0.6 in
,Dell XPS 15 9560 (i5 refurb),"$1,119",https://rover.ebay.com/rover/1/711-53200-19255-0/1?ff3=4&toolid=11800&pub=5575086239&campid=5337481056&mpre=https%3A%2F%2Fwww.ebay.com%2Fitm%2FDell-XPS-15-9560-i5-7300HQ-8GB-256GB-PCIe-SSD-UHD-4K-Touch-GTX1050-4GB-W10-PRO%2F323130334310%3Fhash%3Ditem4b3c119c66%3Ag%3A0UsAAOSwHptZATlu%3Asc%3AOther!97080!US!-1,http://lappylist.com/images/laptop/Dell%20XPS%2015%209560.jpg,"The Kaby Lake refresh of the XPS 15 offers a little better battery life, a virtually borderless InfinityEdge display, a significantly more powerful Nvidia GTX 1050 GPU, and lighter, more compact design.  ",i5-7300HQ,https://www.notebookcheck.net/Intel-Core-i5-7300HQ-Laptop-Processor.189854.0.html,http://lappylist.com/images/cpu/Intel%20logo.png,"The i5-7300HQ is a powerful 2.5GHz-3.5GHz processor, having Intel Graphics 530,4 cores, Turbo Boost, and is powerful enough for most CPU intensive applications and moderate to heavy gaming.",Nvidia GTX 1050,https://www.notebookcheck.net/NVIDIA-GeForce-GTX-1050-Notebook.178614.0.html,http://lappylist.com/images/gpu/Nvidia%20logo.jpg,"Nvidia GTX 1050 graphics are on the budget end of the GTX graphics of the 1000 series, and were released with the new Pascal core, running more efficient, cooler,  performing at near desktop GPU levels, and offering full VR support. It's a 30% improvement in performance over the GTX 960M.",8GB ,,256GB PCIe,"15.6"" 3840x2160 IPS Touch",6 hrs,10/10,4.3 lbs,0.67 in
,Dell XPS 13 9370,"$1,149",http://www.jdoqocy.com/click-7707423-11886213?url=http%3A%2F%2Fwww.dell.com%2Fen-us%2Fwork%2Fshop%2Fdell-laptops-and-notebooks%2Fnew-xps-13%2Fspd%2Fxps-13-9370-laptop%2Fcax13w10p2c610,http://lappylist.com/images/laptop2018/Dell%20XPS%2013%209370.jpg,"The Kaby Lake R refresh of the Dell XPS 13 is an extremely lightweight and high quality ultrabook with great battery life, updated Kaby Lake R integrated graphics, and a borderless 13.3"" 1920x1080 display. ",i5-8250U,https://www.notebookcheck.net/Intel-Core-i5-8250U-SoC-Benchmarks-and-Specs.242172.0.html,http://lappylist.com/images/cpu/Intel%20logo.png,"The i5-8250U is a 1.6GHz-3.4GHz Ultra low Voltage processor, having Intel HD Graphics 620 integrated, 4 cores with Hyperthreading, and Turbo Boost. It's well capable of moderate gaming, multimedia purposes, office applications, and more.",Intel UHD Graphics 620,https://www.notebookcheck.net/Intel-UHD-Graphics-620-GPU-Review-Benchmarks-and-Specs.239936.0.html,http://lappylist.com/images/gpu/Intel%20HD%20graphics%20logo.jpg,"Intel HD Graphics 620 are quality integrated graphics that support multiple display, can easily handle light gaming, and is on par with the performance of the Nvidia GT 920M.",8GB,,128GB PCIe,"13.3"" 1920x1080 IPS",22 hrs,9/10,2.67 lbs,0.46 in
,HP Spectre 13,"$1,149",http://www.awin1.com/cread.php?awinaffid=226241&awinmid=7168&p=http%3A%2F%2Fstore.hp.com%2Fus%2Fen%2Fpdp%2Fhp-spectre-laptop-13t-1ps11av-1,http://lappylist.com/images/laptop/HP%20Spectre%2013.jpg,"The new late 2017 HP Spectre 13 is the thinnest ultrabook on the market at only 0.41"" and is built with the highest quality. It comes with new USB C connectivity, a beautiful IPS display, and a range of specs to meet any need for high end mainstream/business use.  ",i5-8250U,https://www.notebookcheck.net/Intel-Core-i5-8250U-SoC-Benchmarks-and-Specs.242172.0.html,http://lappylist.com/images/cpu/Intel%20logo.png,"The i5-8250U is a 1.6GHz-3.4GHz Ultra low Voltage processor, having Intel HD Graphics 620 integrated, 4 cores with Hyperthreading, and Turbo Boost. It's well capable of moderate gaming, multimedia purposes, office applications, and more.",Intel UHD Graphics 620,https://www.notebookcheck.net/Intel-UHD-Graphics-620-GPU-Review-Benchmarks-and-Specs.239936.0.html,http://lappylist.com/images/gpu/Intel%20HD%20graphics%20logo.jpg,"Intel HD Graphics 620 are quality integrated graphics that support multiple display, can easily handle light gaming, and is on par with the performance of the Nvidia GT 820M.",8GB,,256GB PCIe,"13.3"" 1920x1080 IPS Touch",11 hrs,9/10,2.45 lbs,0.41 in
,LG Gram 15 (8th Gen),"$1,246",https://www.amazon.com/dp/B078WRSHV4,http://lappylist.com/images/laptop2018/LG%20Gram%2015.jpg,"The LG Gram is an incredibly lightweight, portable, and efficient 15.6"" laptop with solid specs and connectivity, all while managing to maintain an unreal 2.4 lb weight. The light weight is due to cutting some corners in build quality, however it still remains a solid choice for an ultraportable 15.6"" machine. This Kaby Lake R iteration includes battery life improvements and a little added thickness to compensate.",i5-8250U,https://www.notebookcheck.net/Intel-Core-i5-8250U-SoC-Benchmarks-and-Specs.242172.0.html,http://lappylist.com/images/cpu/Intel%20logo.png,"The i5-8250U is a 1.6GHz-3.4GHz Ultra low Voltage processor, having Intel HD Graphics 620 integrated, 4 cores with Hyperthreading, and Turbo Boost. It's well capable of moderate gaming, multimedia purposes, office applications, and more.",Intel UHD Graphics 620,https://www.notebookcheck.net/Intel-UHD-Graphics-620-GPU-Review-Benchmarks-and-Specs.239936.0.html,http://lappylist.com/images/gpu/Intel%20HD%20graphics%20logo.jpg,"Intel HD Graphics 620 are quality integrated graphics that support multiple display, can easily handle light gaming, and is on par with the performance of the Nvidia GT 920M.",8GB,,256GB,"15.6"" 1920x1080 IPS",19 hrs,7/10,2.4 lbs,0.7 in
,Dell XPS 15 9560 (i5),"$1,299",https://click.linksynergy.com/deeplink?id=exBsg*4*zaI&mid=24542&murl=https%3A%2F%2Fwww.microsoft.com%2Fen-us%2Fstore%2Fd%2Fdell-xps-15-9560-laptop%2F91076tjj2wfb%2FFD4C,http://lappylist.com/images/laptop/Dell%20XPS%2015%209560.jpg,"The Kaby Lake refresh of the XPS 15 offers a little better battery life, a virtually borderless InfinityEdge display, a significantly more powerful Nvidia GTX 1050 GPU, and lighter, more compact design.  ",i5-7300HQ,https://www.notebookcheck.net/Intel-Core-i5-7300HQ-Laptop-Processor.189854.0.html,http://lappylist.com/images/cpu/Intel%20logo.png,"The i5-7300HQ is a powerful 2.5GHz-3.5GHz processor, having Intel Graphics 530,4 cores, Turbo Boost, and is powerful enough for most CPU intensive applications and moderate to heavy gaming.",Nvidia GTX 1050,https://www.notebookcheck.net/NVIDIA-GeForce-GTX-1050-Notebook.178614.0.html,http://lappylist.com/images/gpu/Nvidia%20logo.jpg,"Nvidia GTX 1050 graphics are on the budget end of the GTX graphics of the 1000 series, and were released with the new Pascal core, running more efficient, cooler,  performing at near desktop GPU levels, and offering full VR support. It's a 30% improvement in performance over the GTX 960M.",8GB ,,256GB,"15.6"" 3840x2160 IPS Touch",6 hrs,10/10,4.5 lbs,0.67 in
High,Dell XPS 15 9560 (i7 refurb),"$1,399",https://rover.ebay.com/rover/1/711-53200-19255-0/1?ff3=4&toolid=11800&pub=5575086239&campid=5337481056&mpre=https%3A%2F%2Fwww.ebay.com%2Fitm%2FDell-XPS-15-9560-i7-7700HQ-16GB-512GB-PCIe-SSD-UHD-4K-Touch-GTX1050-Fingerprint%2F232336874946%3Fhash%3Ditem36185b5dc2%3Ag%3A0UsAAOSwHptZATlu%3Asc%3AOther!97080!US!-1,http://lappylist.com/images/laptop/Dell%20XPS%2015%209560.jpg,"The Kaby Lake refresh of the XPS 15 offers a little better battery life, a virtually borderless InfinityEdge display, a significantly more powerful Nvidia GTX 1050 GPU, and lighter, more compact design.  ",i5-7700HQ,https://www.notebookcheck.net/Intel-Core-i7-7700HQ-Notebook-Processor.187975.0.html,http://lappylist.com/images/cpu/Intel%20logo.png,"The i7-7700HQ is a powerful 2.8GHz-3.8GHz quad-core processor with Hyperthreading, Turbo Boost, and Intel HD Graphics 630. It's capable of very CPU intensive applications and high end gaming.",Nvidia GTX 1050,https://www.notebookcheck.net/NVIDIA-GeForce-GTX-1050-Notebook.178614.0.html,http://lappylist.com/images/gpu/Nvidia%20logo.jpg,"Nvidia GTX 1050 graphics are on the budget end of the GTX graphics of the 1000 series, and were released with the new Pascal core, running more efficient, cooler,  performing at near desktop GPU levels, and offering full VR support. It's a 30% improvement in performance over the GTX 960M.",16GB ,,512GB PCIe,"15.6"" 3840x2160 IPS Touch",6 hrs,10/10,4.3 lbs,0.67 in
,Asus Zenbook UX550VE,"$1,555",https://www.amazon.com/dp/B07532Y2LL,http://lappylist.com/images/laptop2018/Asus%20Zenbook%20Pro%20UX550VE.jpg,"The Asus UX550VE is an ultra-light, premium 15.6"" multimedia laptop with incredibly fast PCIE SSD storage, 1080p IPS display, Mini Display Port with Thunderbolt support, high quality dedicated graphics, and great overall specs. ",i5-7700HQ,https://www.notebookcheck.net/Intel-Core-i7-7700HQ-Notebook-Processor.187975.0.html,http://lappylist.com/images/cpu/Intel%20logo.png,"The i7-7700HQ is a powerful 2.8GHz-3.8GHz quad-core processor with Hyperthreading, Turbo Boost, and Intel HD Graphics 630. It's capable of very CPU intensive applications and high end gaming.",Nvidia GTX 1050 Ti,https://www.notebookcheck.net/NVIDIA-GeForce-GTX-1050-Ti-Notebook.168400.0.html,http://lappylist.com/images/gpu/Nvidia%20logo.jpg,"Nvidia GTX 1050 Ti graphics are on the budget end of the GTX graphics of the 1000 series, and were released with the new Pascal core, running more efficient, cooler,  performing at near desktop GPU levels, and offering full VR support. It's a 30% improvement in performance over the GTX 970M.",16GB,,512GB PCIE,"15.6"" 1920x1080 IPS Touch",10 hrs,10/10,3.97 lbs,0.74 in
Very High,Apple Macbook Pro 13,"$1,699",https://www.amazon.com/dp/B075V89MB1,http://lappylist.com/images/laptop2018/Macbook%20Pro%2013%202017.jpg,"The Apple Macbook Pro Retina 13 is a relatively powerful ultrabook with fantastic build quality and battery life with a beautiful 13.3"" 2560x1600 IPS Retina display. This is the newest refresh of the laptop featuring a new optional OLED customizable touch bar and four Thunderbolt 3 ports.",i5-7360U,http://www.notebookcheck.net/Intel-Core-i5-6267U-Notebook-Processor.149852.0.html,http://lappylist.com/images/cpu/Intel%20logo.png,"The i5-7360U is a dual-core 2.5GHz-3.6GHz Low Voltage processor with relatively powerful Intel Iris Graphics 640, powerful enough for even more CPU intensive applications, while still being efficient enough to not inhibit battery life.",Intel Iris Graphics 640,https://www.notebookcheck.net/Intel-Iris-Plus-Graphics-640.190371.0.html,http://lappylist.com/images/gpu/Intel%20HD%20graphics%20logo.jpg,Iris Graphics 640 are Kaby Lake integrated graphics more powerful than the more average Intel HD graphics and can perform close to the Nvidia GT 940M,16GB,,256GB PCIe,"13.3"" 2560x1600 IPS",10 hrs,10/10,3 lbs,0.59 in
,Asus Zenbook UX490UA,"$1,699",http://www.anrdoezrs.net/links/7707423/type/dlg/https://www.newegg.com/Product/Product.aspx?Item=N82E16834234753&cm_re=ux490ua-_-34-234-753-_-Product,http://lappylist.com/images/laptop/Asus%20Zenbook%20UX390UA.jpg,"The Zenbook 3 UX490UA is the highest of Asus's already premium Zenbook line. Weighing in at only 2.42lbs, it's all aluminum chassis is the highest quality and incredibly thin at only a half of an inch. It's equipped with quad-speaker premium sound, a gorilla glass covered display, and all of the features you'd look for in a high end ultraportable.",i7-8550U,https://www.notebookcheck.net/Intel-Core-i7-8550U-SoC-Benchmarks-and-Specs.242108.0.html,http://lappylist.com/images/cpu/Intel%20logo.png,"The i7-8550U is a 1.8GHz-4GHz Ultra low Voltage processor, having Intel UHD Graphics 620 integrated, 4 cores with Hyperthreading, and Turbo Boost. It's well capable of moderate gaming, multimedia purposes, office applications, and more.",Intel UHD Graphics 620,https://www.notebookcheck.net/Intel-UHD-Graphics-620-GPU-Review-Benchmarks-and-Specs.239936.0.html,http://lappylist.com/images/gpu/Intel%20HD%20graphics%20logo.jpg,"Intel HD Graphics 620 are quality integrated graphics that support multiple display, can easily handle light gaming, and is on par with the performance of the Nvidia GT 920M.",16GB,,512GB PCIe,"14"" 1920x1080 IPS",9 hrs,7/10,2.42 lbs,0.51 in
,Dell XPS 15 9560 (i7),"$1,885",https://click.linksynergy.com/deeplink?id=exBsg*4*zaI&mid=24542&murl=https%3A%2F%2Fwww.microsoft.com%2Fen-us%2Fstore%2Fd%2Fdell-xps-15-9560-laptop%2F91076tjj2wfb%2FFD4C,http://lappylist.com/images/laptop/Dell%20XPS%2015%209560.jpg,"The Kaby Lake refresh of the XPS 15 offers a little better battery life, a virtually borderless InfinityEdge display, a significantly more powerful Nvidia GTX 1050 GPU, and lighter, more compact design.  ",i5-7700HQ,https://www.notebookcheck.net/Intel-Core-i7-7700HQ-Notebook-Processor.187975.0.html,http://lappylist.com/images/cpu/Intel%20logo.png,"The i7-7700HQ is a powerful 2.8GHz-3.8GHz quad-core processor with Hyperthreading, Turbo Boost, and Intel HD Graphics 630. It's capable of very CPU intensive applications and high end gaming.",Nvidia GTX 1050,https://www.notebookcheck.net/NVIDIA-GeForce-GTX-1050-Notebook.178614.0.html,http://lappylist.com/images/gpu/Nvidia%20logo.jpg,"Nvidia GTX 1050 graphics are on the budget end of the GTX graphics of the 1000 series, and were released with the new Pascal core, running more efficient, cooler,  performing at near desktop GPU levels, and offering full VR support. It's a 30% improvement in performance over the GTX 960M.",16GB,,512GB,"15.6"" 3840x2160 IPS Touch",6 hrs,10/10,4.3 lbs,0.67 in
,Apple Macbook Pro 15 w/ bar,"$1,993",https://www.amazon.com/Apple-MacBook-MLH42LL-15-4-inch-quad-core/dp/B01LTHXA72/ref=as_li_ss_tl?th=1&linkCode=ll1&tag=lappylist-20&linkId=8f800420052001cdc0fb7f97d51e27e7,http://lappylist.com/images/laptop/Apple%20Macbook%20Pro%2015%20touchbar.jpg,"The Macbook Pro is an extremely high quality laptop with potentially the best battery life on the market. If you want the highest quality and don't mind paying for it, this is the route to take. This latest version also comes with a customizable touch bar above the keyboard and 4 Thunderbolt 3 ports. ",i7-6700HQ,http://www.notebookcheck.net/Intel-Core-i7-6700HQ-Notebook-Processor.149420.0.html,http://lappylist.com/images/cpu/Intel%20logo.png,"The i7-6700HQ is a powerful 2.6GHz-3.5GHz quad-core processor with Hyperthreading, Turbo Boost, and Intel HD Graphics 530. It's capable of very CPU intensive applications and high end gaming.",AMD Radeon Pro 450,https://www.notebookcheck.net/AMD-Radeon-Pro-450.181778.0.html,http://lappylist.com/images/gpu/AMD%20Radeon%20graphics%20logo.jpg,"AMD Radeon Pro 450 graphics are mid-range GPU's  a bit ahead of the Nvidia GTX 950M. Therefore, they are more than enough for any mainstream use, 4K video streaming, and mid-range gaming. ",16GB,,256GB PCIe,"15.4"" 2880x1800 IPS",10 hrs,10/10,4 lbs,0.63 in
x,x,x,x,x,x,x,x,x,x,x,x,x,x,x,x,x,x,x,x,x,x