Budget,Model,Price,Model-Link,Model-Image,Model-Descrip,CPU,CPU-Link,CPU-Image,CPU-Descrip,Graphics,Graphics-Link,Graphics-Image,Graphics-Descrip,RAM,HDD,SSD,Display,Battery,Quality,Weight,Thickness
Ultra Low,Lenovo IdeaPad 120s,$249,//lenovo.7eer.net/c/226309/218864/3808?u=https%3A%2F%2Fwww3.lenovo.com%2Fus%2Fen%2Flaptops%2Fideapad%2Fideapad-100-series%2FIdeapad-120S-14-Intel%2Fp%2F88IP10S0892,http://lappylist.com/images/laptop/Lenovo%20IdeaPad%20100s.jpg,"The Lenovo 120s is an extremely lightweight 14"" budget laptop designed for affordability, portability, and mainstream use. It's a really basic machine, but has everything you'd need for average daily use. ",Celeron N3350,https://www.notebookcheck.net/Intel-Celeron-N3350-Notebook-Processor.182738.0.html,http://lappylist.com/images/cpu/Intel%20logo.png,"The N3350 is a low end Apollo Lake processor well suited for light tasks of a casual user such as email, word processing, etc.",Intel HD Graphics 500,https://www.notebookcheck.net/Intel-HD-Graphics-500.182723.0.html,http://lappylist.com/images/gpu/Intel%20HD%20graphics%20logo.jpg,Intel HD Graphics 500 are integrated graphics suited for older or lighter gaming and up to 4K video playback.,4GB,,64GB,"14"" 1366x738 TN",8 hrs,4/10,3.17 lbs,0.73 in
,Asus Vivobook E403NA,$258,https://www.amazon.com/dp/B076CRF7DN,http://lappylist.com/images/laptop/Asus%20E402SA.jpg,"The E403NA is a low end, but highly portable 14"" laptop with meager specs, but a great price for a laptop with a full HD display. If you need something cheap that will still give you a lot of display real estate, then this would be a good option.",Celeron N3350,https://www.notebookcheck.net/Intel-Celeron-N3350-Notebook-Processor.182738.0.html,http://lappylist.com/images/cpu/Intel%20logo.png,"The N3350 is a low end Apollo Lake processor well suited for light tasks of a casual user such as email, word processing, etc.",Intel HD Graphics 500,https://www.notebookcheck.net/Intel-HD-Graphics-500.182723.0.html,http://lappylist.com/images/gpu/Intel%20HD%20graphics%20logo.jpg,Intel HD Graphics 500 are integrated graphics suited for older or lighter gaming and up to 4K video playback.,4GB,,64GB,"14"" 1920x1080 TN",12 hrs,4/10,3.3 lbs,0.7 in
,Acer Aspire E15-575,$349,https://www.amazon.com/dp/B01K1IO3QW/,http://lappylist.com/images/laptop/Acer%20Aspire%20E15%20575.jpg,"The E15 575 is a low budget laptop with a lot of higher budget options like a Full HD 1920x1080 display, new 7th gen Intel processors, incredible battery life, and fantastic affordability.",i3 7100U,http://www.notebookcheck.net/Intel-Core-i3-7100U-Notebook-Processor.172251.0.html,http://lappylist.com/images/cpu/Intel%20logo.png,"The i3-7100U is a 2.4GHz Ultra Low Voltage processor with Intel HD 5500 integrated graphics, 2 cores with Hyperthreading, and is suited for most applications and light gaming.",Intel Graphics 620,http://www.notebookcheck.net/Intel-HD-Graphics-620.172256.0.html,http://lappylist.com/images/gpu/Intel%20HD%20graphics%20logo.jpg,"Intel HD Graphics 620 are quality integrated graphics that support multiple display, can easily handle light gaming, and is on par with the performance of the Nvidia GT 820M.",4GB,1TB 5400RPM,,"15.6"" 1920x1080 TN",12 hrs,5/10,5.3 lbs,1.2 in
,Lenovo ThinkPad T440 (refurb),$329,https://rover.ebay.com/rover/1/711-53200-19255-0/1?ff3=4&toolid=11800&pub=5575086239&campid=5337481056&mpre=https%3A%2F%2Fwww.ebay.com%2Fitm%2FLenovo-ThinkPad-T440-14-Windows-10-Pro-Ultrabook-with-8GB-RAM-640GB-HDD-Red%2F202179440380%3Fhash%3Ditem2f12d56efc%3Ag%3AOX0AAOSw-K9anZGy%3Asc%3AShippingMethodStandard!97080!US!-1,http://lappylist.com/images/laptop/Lenovo%20ThinkPad%20T440.jpg,"The ThinkPad T440 is a 14"" professional laptop in Lenovo's ultra-durable T series. It's lightweight, efficient, incredibly durable, easy to upgrade, and has the best keyboard on the market.",i5-4300U,http://www.notebookcheck.net/Intel-Core-i5-4300U-Notebook-Processor.98838.0.html,http://lappylist.com/images/cpu/Intel%20logo.png,"The i5-4300U is a 1.9GHz-2.9GHz Ultra Low Voltage processor, having Intel HD 4400 graphics integrated, 2 cores with Hyperthreading, Turbo Boost, and is well suited for moderate gaming, office applications, multimedia purposes, and more.",Intel HD 4400,http://www.notebookcheck.net/Intel-HD-Graphics-4400.91979.0.html,http://lappylist.com/images/gpu/Intel%20HD%20graphics%20logo.jpg,"Intel HD 4400 graphics are quality integrated graphics capable of multi-display support and can easily handle light gaming (e.g. League of Legends, The Sims, Miencraft, Civ V, etc.)",8GB,640GB 5400RPM,,"14"" 1600x900 TN",8 hrs,9/10,4 lbs,0.9 in
,Lenovo ThinkPad T440s (refurb),$469,https://rover.ebay.com/rover/1/711-53200-19255-0/1?ff3=4&toolid=11800&pub=5575086239&campid=5337481056&mpre=https%3A%2F%2Fwww.ebay.com%2Fitm%2FLenovo-ThinkPad-T440s-14-Laptop-PC-i7-4600U-2-10GHz-240GB-SSD-12GB-RAM-Win-10%2F192394381603%3Fhash%3Ditem2ccb994923%3Ag%3AiR0AAOSwoVNaLp7j,http://www.lappylist.com/images/laptop/Lenovo%20ThinkPad%20T440.jpg,"The ThinkPad T440 is a 14"" professional laptop in Lenovo's ultra-durable T series. It's lightweight, efficient, incredibly durable, easy to upgrade, and has the best keyboard on the market.",i7-4600U,https://www.notebookcheck.net/Intel-Core-i7-4600U-Notebook-Processor.101142.0.html,http://lappylist.com/images/cpu/Intel%20logo.png,"The i7-4600U is a 2.1GHz-3.3GHz Ultra low Voltage processor, having Intel HD 4400 graphics integrated, 2 cores with Hyperthreading, and Turbo Boost. It's well capable of moderate gaming, multimedia purposes, office applications, and more.",Intel HD 4400,http://www.notebookcheck.net/Intel-HD-Graphics-4400.91979.0.html,http://lappylist.com/images/gpu/Intel%20HD%20graphics%20logo.jpg,"Intel HD 4400 graphics are quality integrated graphics capable of multi-display support and can easily handle light gaming (e.g. League of Legends, The Sims, Miencraft, Civ V, etc.)",12GB,,240GB,"14"" 1600x900 TN",8 hrs,9/10,4 lbs,0.83 in
Low,Dell Inspiron 13 i5379,$599,https://www.amazon.com/dp/B075KPJBNK/,http://lappylist.com/images/laptop2018/Dell%20Inspiron%2013%20i5379.jpg,"The Dell Inspiron 13 2 in 1 is a highly portable and lightweight convertible with an 8th gen Intel processor and graphics. With a full HD 1920x1080 IPS display, it's easily one of the best values in its bracket. ",i5-8250U,https://www.notebookcheck.net/Intel-Core-i5-8250U-SoC-Benchmarks-and-Specs.242172.0.html,http://lappylist.com/images/cpu/Intel%20logo.png,"The i5-8250U is a 1.6GHz-3.4GHz Ultra low Voltage processor, having Intel HD Graphics 620 integrated, 4 cores with Hyperthreading, and Turbo Boost. It's well capable of moderate gaming, multimedia purposes, office applications, and more.",Intel UHD Graphics 620,https://www.notebookcheck.net/Intel-UHD-Graphics-620-GPU-Review-Benchmarks-and-Specs.239936.0.html,http://lappylist.com/images/gpu/Intel%20HD%20graphics%20logo.jpg,"Intel HD Graphics 620 are quality integrated graphics that support multiple display, can easily handle light gaming, and is on par with the performance of the Nvidia GT 820M.",8GB,1TB 5400RPM,,"13.3"" 1920x1080 IPS Touch",8 hrs,7/10,3.44 lbs,0.77 in
,Asus Vivobook F510UA,$599,https://www.amazon.com/dp/B0795W86N3?th=1,http://lappylist.com/images/laptop2018/Asus%20Vivobook%20F510UA.jpg,"The F510UA is an extremely light and portable 15.6"" laptop, weighing in at only 3.7 lbs and measuring only 0.8"" thin. With very thin 0.3"" bezel, Asus managed to fit this 15.6"" machine into a 14"" frame, giving you optimal portability without sacrificing display size. The battery is the biggest weakpoint here with only 5 hours or so of actual use, but optimization can increase that. ",i5-8250U,https://www.notebookcheck.net/Intel-Core-i5-8250U-SoC-Benchmarks-and-Specs.242172.0.html,http://lappylist.com/images/cpu/Intel%20logo.png,"The i5-8250U is a 1.6GHz-3.4GHz Ultra low Voltage processor, having Intel HD Graphics 620 integrated, 4 cores with Hyperthreading, and Turbo Boost. It's well capable of moderate gaming, multimedia purposes, office applications, and more.",Intel UHD Graphics 620,https://www.notebookcheck.net/Intel-UHD-Graphics-620-GPU-Review-Benchmarks-and-Specs.239936.0.html,http://lappylist.com/images/gpu/Intel%20HD%20graphics%20logo.jpg,"Intel HD Graphics 620 are quality integrated graphics that support multiple display, can easily handle light gaming, and is on par with the performance of the Nvidia GT 920M.",8GB,1TB 5400RPM,128GB,"15.6"" 1920x1080 IPS",5 hrs,6/10,3.7 lbs,0.8 in
,Acer Aspire E5-576G,$599,https://www.amazon.com/dp/B075FLBJV7,http://lappylist.com/images/laptop2018/Acer%20Aspire%20E5-576G.jpg,,i5-8250U,https://www.notebookcheck.net/Intel-Core-i5-8250U-SoC-Benchmarks-and-Specs.242172.0.html,http://lappylist.com/images/cpu/Intel%20logo.png,"The i5-8250U is a 1.6GHz-3.4GHz Ultra low Voltage processor, having Intel HD Graphics 620 integrated, 4 cores with Hyperthreading, and Turbo Boost. It's well capable of moderate gaming, multimedia purposes, office applications, and more.",Nvidia MX150,https://www.notebookcheck.net/NVIDIA-GeForce-MX150-Benchmark-and-Specs-of-the-GT-1030-for-Laptops.223530.0.html,http://lappylist.com/images/gpu/Nvidia%20logo.jpg,"Nvidia 150MX graphics are mid-range graphics well capable of video editing, mid-range gaming, fairly intensive graphics work, and 4k video playback.",8GB,,256GB,"15.6"" 1920x1080 TN",15 hrs,6/10,5.27 lbs,1.19 in
,Lenovo ThinkPad E470*,$689,http://www3.lenovo.com/us/en/laptops/thinkpad/thinkpad-e-series/E470/p/22TP2TEE470,http://lappylist.com/images/laptop/Lenovo%20ThinkPad%20E460.jpg,"The ThinkPad E460 is a budget business class laptop with a great keyboard, accessible components, and a wide range of customizable options. It's also one of the few business machines available with a 1080p display under $500.",i3-7100U,https://www.notebookcheck.net/Intel-Core-i3-7100U-Notebook-Processor.172251.0.html,http://lappylist.com/images/cpu/Intel%20logo.png,"The i3-7100U is a 2.4GHz dual-core Ultra Low Voltage processor with Intel HD 620 integrated graphics. It's suited for general media consumption, office applications, and potentially light gaming.",Intel Graphics 620,https://www.notebookcheck.net/Intel-HD-Graphics-620.172256.0.html,http://lappylist.com/images/gpu/Intel%20HD%20graphics%20logo.jpg,"Intel HD Graphics 620 are quality integrated graphics that support multiple display, can easily handle light gaming, and is on par with the performance of the Nvidia GT 920M.",4GB,500GB 7200RPM,,"14"" 1920x1080 IPS",8 hrs,6/10,4.1 lbs,0.88 in
Medium,Asus Zenbook UX330UA,$749,https://www.amazon.com/dp/B075N1YHVK,http://lappylist.com/images/laptop/ASUS%20Zenbook%20UX303LA.jpg,"ASUS's Zenbook UX330UA is one of ASUS's elite line of ultrabooks. It has fantastic build quality, a high end IPS display, great battery life, and a sleek design.",i5-8250U,https://www.notebookcheck.net/Intel-Core-i5-8250U-SoC-Benchmarks-and-Specs.242172.0.html,http://lappylist.com/images/cpu/Intel%20logo.png,"The i5-8250U is a 1.6GHz-3.4GHz Ultra low Voltage processor, having Intel HD Graphics 620 integrated, 4 cores with Hyperthreading, and Turbo Boost. It's well capable of moderate gaming, multimedia purposes, office applications, and more.",Intel UHD Graphics 620,https://www.notebookcheck.net/Intel-UHD-Graphics-620-GPU-Review-Benchmarks-and-Specs.239936.0.html,http://lappylist.com/images/gpu/Intel%20HD%20graphics%20logo.jpg,"Intel HD Graphics 620 are quality integrated graphics that support multiple display, can easily handle light gaming, and is on par with the performance of the Nvidia GT 920M.",8GB,,256GB PCIe,"13.3"" 1920x1080 IPS",8 hrs,9/10,2.6 lbs,0.5 in
,Lenovo ThinkPad 13 * ,$830,http://lenovo.7eer.net/c/226309/218864/3808?u=http%3A%2F%2Fwww3.lenovo.com%2Fus%2Fen%2Flaptops%2Fthinkpad%2Fthinkpad-13-series%2FThinkPad-13-Windows-2nd-Gen%2Fp%2F22TP2TX133E,http://lappylist.com/images/laptop/Lenovo%20ThinkPad%2013.jpg,"The Lenovo ThinkPad 13 is a relatively affordable, portable, and highly durable business grade ultrabook with one of the best keyboards on the market in an affordable price range. ",i5-7200U,http://www.notebookcheck.net/Intel-Core-i5-7200U-Notebook-Processor.172250.0.html,http://lappylist.com/images/cpu/Intel%20logo.png,"The i5-7200U is a 2.5GHz-3.1GHz Ultra low Voltage processor, having Intel HD Graphics 620 integrated, 2 cores with Hyperthreading, and Turbo Boost. It's well capable of moderate gaming, multimedia purposes, office applications, and more.",Intel Graphics 620,http://www.notebookcheck.net/Intel-HD-Graphics-620.172256.0.html,http://lappylist.com/images/gpu/Intel%20HD%20graphics%20logo.jpg,"Intel HD Graphics 620 are quality integrated graphics that support multiple display, can easily handle light gaming, and is on par with the performance of the Nvidia GT 820M.",8GB,,128GB,"13.3"" 1920x1080 IPS",11 hrs,9/10,3.17 lbs,0.77 in
,Dell Latitude 14 3480*,$852,http://www.tkqlhce.com/je116hz74z6MUUNURPQMOOVVTPOQ?url=http%3A%2F%2Fconfigure.us.dell.com%2Fdellstore%2Fconfig.aspx%3Foc%3Dcto05l348014us%26model_id%3Dlatitude-14-3480-laptop%26c%3Dus%26l%3Den%26s%3Dbsd%26cs%3D04%26link_number%3D113966289,http://lappylist.com/images/laptop/Dell%20Latitude%2014%203000.jpg,"The Latitude 14 3000 series is the more affordable line of Dell business laptops with great keyboards, high end warranties, high durability, and generally high quality for a reasonable price. Note: be sure to upgrade to the 56 Whr battery to get the 18hrs of battery life. ",i5-7200U,http://www.notebookcheck.net/Intel-Core-i5-7200U-Notebook-Processor.172250.0.html,http://lappylist.com/images/cpu/Intel%20logo.png,"The i5-7200U is a 2.5GHz-3.1GHz Ultra low Voltage processor, having Intel HD Graphics 520 integrated, 2 cores with Hyperthreading, and Turbo Boost. It's well capable of moderate gaming, multimedia purposes, office applications, and more.",Intel Graphics 620,https://www.notebookcheck.net/Intel-HD-Graphics-620.172256.0.html,http://lappylist.com/images/gpu/Intel%20HD%20graphics%20logo.jpg,"Intel HD Graphics 620 are quality integrated graphics that support multiple display, can easily handle light gaming, and is on par with the performance of the Nvidia GT 920M.",8GB,500GB 7200RPM,,"14"" 1920x1080 TN",18 hrs,8/10,3.87 lbs,0.92 in
,HP Envy 13,$849,http://www.awin1.com/cread.php?awinaffid=226241&awinmid=7168&p=http%3A%2F%2Fstore.hp.com%2Fus%2Fen%2Fpdp%2Fhp-envy-laptop-13t-touch-1yu00av-1,http://lappylist.com/images/laptop/HP%20Envy%2013t.jpg,"The HP Envy 13 is an amazingly thin ultrabook with solid construction and a range of options for specifications. It has some of the better audio available in an ultrabook. This Kaby Lake refresh also offers considerably higher battery life, a PCIe SSD, and better connectivity options.",i5-8550U,https://www.notebookcheck.net/Intel-Core-i7-8550U-SoC-Benchmarks-and-Specs.242108.0.html,http://lappylist.com/images/cpu/Intel%20logo.png,"The i7-8550U is a 1.8GHz-4GHz Ultra low Voltage processor, having Intel UHD Graphics 620 integrated, 4 cores with Hyperthreading, and Turbo Boost. It's well capable of moderate gaming, multimedia purposes, office applications, and more.",Intel UHD Graphics 620,https://www.notebookcheck.net/Intel-UHD-Graphics-620-GPU-Review-Benchmarks-and-Specs.239936.0.html,http://lappylist.com/images/gpu/Intel%20HD%20graphics%20logo.jpg,"Intel HD Graphics 620 are quality integrated graphics that support multiple display, can easily handle light gaming, and is on par with the performance of the Nvidia GT 920M.",8GB,,390GB PCIe,"13.3"" 1920x1080 IPS Touch",14 hrs,8/10,2.92 lbs,0.55 in
,Apple Macbook Air 13,$887,http://www.jdoqocy.com/click-7707423-10446076?url=https%3A%2F%2Fwww.newegg.com%2FProduct%2FProduct.aspx%3FItem%3D9SIABMT6CV5488%26cm_re%3Dmacbook_air-_-9SIABMT6CV5488-_-Product,http://lappylist.com/images/laptop/Apple%20Macbook%20Air.jpg,"The Apple Macbook Air is an extremely efficient, lightweight, and high quality ultraportable laptop perfect for any mainstream use.",i5-5350U,https://www.notebookcheck.net/Intel-Core-i5-5350U-Notebook-Processor.127829.0.html,http://lappylist.com/images/cpu/Intel%20logo.png,"The i5-5350U is a 1.8GHz-2.9GHz Ultra Low Voltage processor, having Intel HD 6000 graphics integrated, 2 cores with Hyperthreading, Turbo Boost, and is well suited for moderate gaming, office applications, multimedia purposes, and more.",Intel HD 6000,http://www.notebookcheck.net/Intel-HD-Graphics-6000.125588.0.html,http://lappylist.com/images/gpu/Intel%20HD%20graphics%20logo.jpg,"Intel HD 6000 graphics are quality integrated graphics capable of multi-display support and can easily handle light gaming (e.g. League of Legends, The Sims, Minecraft, Civ V, etc.)",8GB,,128GB PCIe,"13.3"" 1440x900",12 hrs,10/10,3 lbs,0.68 in
,Dell XPS 13 9360,$891,https://click.linksynergy.com/deeplink?id=exBsg*4*zaI&mid=24542&murl=https%3A%2F%2Fwww.microsoft.com%2Fen-us%2Fstore%2Fd%2Fdell-xps-13-xps-9360-laptop%2F8q17384grz37%2FGV5D%3Factivetab%3Dpivot%3Aoverviewtab,http://lappylist.com/images/laptop/Dell%20XPS%2013-9350.jpg,"The Kaby Lake refresh of the Dell XPS 13 is an extremely lightweight and high quality ultrabook with great battery life, updated Kaby Lake onboard graphics, and a borderless 13.3"" 1920x1080 display.",i5-7200U,http://www.notebookcheck.net/Intel-Core-i5-7200U-Notebook-Processor.172250.0.html,http://lappylist.com/images/cpu/Intel%20logo.png,"The i5-7200U is a 2.5GHz-3.1GHz Ultra low Voltage processor, having Intel HD Graphics 620 integrated, 2 cores with Hyperthreading, and Turbo Boost. It's well capable of moderate gaming, multimedia purposes, office applications, and more.",Intel Graphics 620,http://www.notebookcheck.net/Intel-HD-Graphics-520.149940.0.html,http://lappylist.com/images/gpu/Intel%20HD%20graphics%20logo.jpg,"Intel HD Graphics 620 are quality integrated graphics that support multiple display, can easily handle light gaming, and is on par with the performance of the Nvidia GT 920M.",8GB,,128GB,"13.3"" 1920x1080 IPS Touch",12 hrs,9/10,2.7 lbs,0.53 in
,Lenovo ThinkPad T470*,$895,http://lenovo.7eer.net/c/226309/218864/3808?u=http%3A%2F%2Fwww3.lenovo.com%2Fus%2Fen%2Flaptops%2Fthinkpad%2Fthinkpad-t-series%2FT470%2Fp%2F22TP2TT4700,http://lappylist.com/images/laptop/Lenovo%20ThinkPad%20T460.jpg,"The T470 is the Kaby Lake refresh of the 14"" T series ThinkPads. It's incredibly high quality, extremely light, durable, highly customizable and comes with the highest quality keyboards on the market.",i5-7200U,http://www.notebookcheck.net/Intel-Core-i5-7200U-Notebook-Processor.172250.0.html,http://lappylist.com/images/cpu/Intel%20logo.png,"The i5-7200U is a 2.5GHz-3.1GHz Ultra low Voltage processor, having Intel HD Graphics 520 integrated, 2 cores with Hyperthreading, and Turbo Boost. It's well capable of moderate gaming, multimedia purposes, office applications, and more.",Intel Graphics 620,https://www.notebookcheck.net/Intel-HD-Graphics-620.172256.0.html,http://lappylist.com/images/gpu/Intel%20HD%20graphics%20logo.jpg,"Intel HD Graphics 620 are quality integrated graphics that support multiple display, can easily handle light gaming, and is on par with the performance of the Nvidia GT 920M.",8GB,500GB 7200RPM,,"14"" 1920x1080 IPS",18 hrs,9/10,3.48 lbs,0.79 in
,Lenovo ThinkPad T570*,$911,http://www3.lenovo.com/us/en/laptops/thinkpad/thinkpad-t-series/T570/p/22TP2TT5700,http://www.lappylist.com/images/laptop/Lenovo%20ThinkPad%20T550.jpg,"The ThinkPad T570 is the Kaby Lake refresh of the T560 15.6"" professional laptop in Lenovo's ultra-durable T series. It's quite portable, incredibly durable, and has the best keyboard on the market.",i5-7200U,http://www.notebookcheck.net/Intel-Core-i5-7200U-Notebook-Processor.172250.0.html,http://lappylist.com/images/cpu/Intel%20logo.png,"The i5-7200U is a 2.5GHz-3.1GHz Ultra low Voltage processor, having Intel HD Graphics 620 integrated, 2 cores with Hyperthreading, and Turbo Boost. It's well capable of moderate gaming, multimedia purposes, office applications, and more.",Intel Graphics 620,https://www.notebookcheck.net/Intel-HD-Graphics-620.172256.0.html,http://lappylist.com/images/gpu/Intel%20HD%20graphics%20logo.jpg,"Intel HD Graphics 620 are quality integrated graphics that support multiple display, can easily handle light gaming, and is on par with the performance of the Nvidia GT 920M.",8GB,500GB 7200RPM,,"15.6"" 1920x1080 IPS",26 hrs*,9/10,4.5 lbs,0.8 in
,Lenovo ThinkPad X270*,$915,http://lenovo.7eer.net/c/226309/218864/3808?u=http%3A%2F%2Fwww3.lenovo.com%2Fus%2Fen%2Flaptops%2Fthinkpad%2Fthinkpad-x%2FThinkPad-X270%2Fp%2F22TP2TX2700,http://lappylist.com/images/laptop/Lenovo%20Thinkpad%20X250.jpg,"The Lenovo ThinkPad X260 is the ultimate in portability, efficiency, and quality for an ultraportable. With a high quality Thinkpad Keyboard, up to 21 hours of battery life, and an amazingly low 2.9lb weight, it's a student or programmer's dream machine.",i5-7200U,http://www.notebookcheck.net/Intel-Core-i5-7200U-Notebook-Processor.172250.0.html,http://lappylist.com/images/cpu/Intel%20logo.png,"The i5-7200U is a 2.5GHz-3.1GHz Ultra low Voltage processor, having Intel HD Graphics 620 integrated, 2 cores with Hyperthreading, and Turbo Boost. It's well capable of moderate gaming, multimedia purposes, office applications, and more.",Intel Graphics 620,https://www.notebookcheck.net/Intel-HD-Graphics-620.172256.0.html,http://lappylist.com/images/gpu/Intel%20HD%20graphics%20logo.jpg,"Intel HD Graphics 620 are quality integrated graphics that support multiple display, can easily handle light gaming, and is on par with the performance of the Nvidia GT 920M.",8GB,500GB 7200RPM,,"12.5"" 1920x1080 IPS",21 hrs*,10/10,2.9 lbs,0.8 in 
,Dell Latitude 14 3490*,$999,http://www.tkqlhce.com/je116hz74z6MUUNURPQMOOVVTPOQ?url=http%3A%2F%2Fconfigure.us.dell.com%2Fdellstore%2Fconfig.aspx%3Foc%3Dcto05l348014us%26model_id%3Dlatitude-14-3480-laptop%26c%3Dus%26l%3Den%26s%3Dbsd%26cs%3D04%26link_number%3D113966289,http://lappylist.com/images/laptop/Dell%20Latitude%2014%203000.jpg,"The Latitude 14 3000 series is the more affordable line of Dell business laptops with great keyboards, high end warranties, high durability, and generally high quality for a reasonable price. Note: be sure to upgrade to the 56 Whr battery to get the 18hrs of battery life. ",i5-8250U,https://www.notebookcheck.net/Intel-Core-i5-8250U-SoC-Benchmarks-and-Specs.242172.0.html,http://lappylist.com/images/cpu/Intel%20logo.png,"The i5-8250U is a 1.6GHz-3.4GHz Ultra low Voltage processor, having Intel HD Graphics 620 integrated, 4 cores with Hyperthreading, and Turbo Boost. It's well capable of moderate gaming, multimedia purposes, office applications, and more.",Intel UHD Graphics 620,https://www.notebookcheck.net/Intel-UHD-Graphics-620-GPU-Review-Benchmarks-and-Specs.239936.0.html,http://lappylist.com/images/gpu/Intel%20HD%20graphics%20logo.jpg,"Intel HD Graphics 620 are quality integrated graphics that support multiple display, can easily handle light gaming, and is on par with the performance of the Nvidia GT 920M.",8GB,,256GB PCIe,"14"" 1920x1080 TN",15 hrs,8/10,3.79 lbs,0.82 in
,Asus Zenbook UX430UA,"$1,005",http://www.anrdoezrs.net/links/7707423/type/dlg/https://www.newegg.com/Product/Product.aspx?Item=N82E16834234754&cm_re=ux430ua-_-34-234-754-_-Product,http://lappylist.com/images/laptop/Asus%20Zenbook%20UX390UA.jpg,"The Zenbook 3 UX430UA is at the high end of Asus's already premium Zenbook line. Weighing in at only 2.75lbs, it's only 0.6"" thin and has and incredibly fast PCIe 512GB SSD, beautiful IPS display, fantastic battery life, and premium sound, which is unheard of on a notebook of this size. ",i7-8550U,https://www.notebookcheck.net/Intel-Core-i7-8550U-SoC-Benchmarks-and-Specs.242108.0.html,http://lappylist.com/images/cpu/Intel%20logo.png,"The i7-8550U is a 1.8GHz-4GHz Ultra low Voltage processor, having Intel UHD Graphics 620 integrated, 4 cores with Hyperthreading, and Turbo Boost. It's well capable of moderate gaming, multimedia purposes, office applications, and more.",Intel UHD Graphics 620,https://www.notebookcheck.net/Intel-UHD-Graphics-620-GPU-Review-Benchmarks-and-Specs.239936.0.html,http://lappylist.com/images/gpu/Intel%20HD%20graphics%20logo.jpg,"Intel HD Graphics 620 are quality integrated graphics that support multiple display, can easily handle light gaming, and is on par with the performance of the Nvidia GT 920M.",16GB,,512GB,"14"" 1920x1080 IPS",9 hrs,7/10,2.75 lbs,0.6 in
,Lenovo ThinkPad T470p*,"$1,007",http://lenovo.7eer.net/c/226309/218864/3808?u=http%3A%2F%2Fwww3.lenovo.com%2Fus%2Fen%2Flaptops%2Fthinkpad%2Fthinkpad-t-series%2FThinkPad-T470p%2Fp%2F22TP2TT470P,http://lappylist.com/images/laptop/Lenovo%20Thinkpad%20460p.jpg,"The T470p is the Kaby Lake refresh of the high performance 14"" T series ThinkPads. It's incredibly high quality, extremely light, durable, highly customizable and comes with the highest quality keyboards on the market.",i5-7300HQ,https://www.notebookcheck.net/Intel-Core-i5-7300HQ-Laptop-Processor.189854.0.html,http://lappylist.com/images/cpu/Intel%20logo.png,"The i5-7300HQ is a powerful 2.5GHz-3.5GHz processor, having Intel Graphics 530,4 cores, Turbo Boost, and is powerful enough for most CPU intensive applications and moderate to heavy gaming.",Intel Graphics 630,https://www.notebookcheck.net/Intel-HD-Graphics-630.187948.0.html,http://lappylist.com/images/gpu/Intel%20HD%20graphics%20logo.jpg,"Intel HD Graphics 630 are high quality integrated graphics that support multiple display, can easily handle light gaming, and is on par with the performance of the Nvidia GT 920M.",8GB,500GB 7200RPM,,"14"" 1920x1080 IPS",12.5 hrs,9/10,4 lbs,0.94 in
,Dell Latitude 15 E5580*,"$1,046",http://www.anrdoezrs.net/cn117js0ys-FOGJOPMPFHHOOMIHJ?url=http%3A%2F%2Fwww.dell.com%2Fen-us%2Fwork%2Fshop%2Fproductdetails%2Flatitude-15-5580-laptop%2Fcto02ul558015us%3FselectionState%3DeyJGUHJpY2UiOjk1My40NiwiT0MiOiJjdG8wMnVsNTU4MDE1dXMiLCJRdHkiOjEsIk1vZHMiOlt7IklkIjozLCJPcHRzIjpbeyJJZCI6IjhHQjFEIiwiUHJpY2UiOjE0OC45Mn1dfV19,http://www.lappylist.com/images/laptop/Dell%20Latitude%20E5550.jpg,"The E5580 is part of Dell's Professional Latitude 5000 series and is made with fantastic quality, great battery life, and good portability for a 15.6"" professional machine.",i5-7200U,http://www.notebookcheck.net/Intel-Core-i5-7200U-Notebook-Processor.172250.0.html,http://lappylist.com/images/cpu/Intel%20logo.png,"The i5-7200U is a 2.5GHz-3.1GHz Ultra low Voltage processor, having Intel HD Graphics 620 integrated, 2 cores with Hyperthreading, and Turbo Boost. It's well capable of moderate gaming, multimedia purposes, office applications, and more.",Intel Graphics 620,https://www.notebookcheck.net/Intel-HD-Graphics-620.172256.0.html,http://lappylist.com/images/gpu/Intel%20HD%20graphics%20logo.jpg,"Intel HD Graphics 620 are quality integrated graphics that support multiple display, can easily handle light gaming, and is on par with the performance of the Nvidia GT 920M.",8GB,500GB 7200RPM,,"15.6"" 1920x1080 IPS",7 hrs,10/10,4.19 lbs,0.9 in
,Dell XPS 13 9370 Dev. Edition,"$1,049",http://www.kqzyfj.com/click-7707423-11886213?url=http%3A%2F%2Fwww.dell.com%2Fen-us%2Fwork%2Fshop%2Fdell-laptops-and-notebooks%2Fnew-xps-13-developer-edition%2Fspd%2Fxps-13-9370-laptop%2Fcax13w10p2c610ubuntu,http://lappylist.com/images/laptop2018/Dell%20XPS%2013%209370%20Dev.jpg,"The Kaby Lake R refresh of the Dell XPS 13 is an extremely lightweight and high quality ultrabook with great battery life, updated Kaby Lake R integrated graphics, and a borderless 13.3"" 1920x1080 display. The Developper Edition comes pre-loaded with Ubuntu and can be handy for devs to avoid the annoying Windows UEFI.",i5-8250U,https://www.notebookcheck.net/Intel-Core-i5-8250U-SoC-Benchmarks-and-Specs.242172.0.html,http://lappylist.com/images/cpu/Intel%20logo.png,"The i5-8250U is a 1.6GHz-3.4GHz Ultra low Voltage processor, having Intel HD Graphics 620 integrated, 4 cores with Hyperthreading, and Turbo Boost. It's well capable of moderate gaming, multimedia purposes, office applications, and more.",Intel UHD Graphics 620,https://www.notebookcheck.net/Intel-UHD-Graphics-620-GPU-Review-Benchmarks-and-Specs.239936.0.html,http://lappylist.com/images/gpu/Intel%20HD%20graphics%20logo.jpg,"Intel HD Graphics 620 are quality integrated graphics that support multiple display, can easily handle light gaming, and is on par with the performance of the Nvidia GT 920M.",8GB,,128GB PCIe,"13.3"" 1920x1080 IPS",22 hrs,9/10,2.67 lbs,0.46 in
Medium-High,Lenovo ThinkPad T470s*,"$1,055",http://lenovo.7eer.net/c/226309/218864/3808?u=http%3A%2F%2Fwww3.lenovo.com%2Fus%2Fen%2Flaptops%2Fthinkpad%2Fthinkpad-t-series%2FT470s%2Fp%2F22TP2TT470S,http://www.lappylist.com/images/laptop/Lenovo%20ThinkPad%20T450s.jpg,"The Lenovo ThinkPad T470s is a highly portable professional laptops in Lenovo's ultra durable T series. It comes equipped with up to a 1440p IPS display, and the best keyboard on the market with good battery life on top of it all. This is the ideal professional machine for those who want power and portability without sacrificing their connectivity.",i5-7200U,http://www.notebookcheck.net/Intel-Core-i5-7200U-Notebook-Processor.172250.0.html,http://lappylist.com/images/cpu/Intel%20logo.png,"The i5-7200U is a 2.5GHz-3.1GHz Ultra low Voltage processor, having Intel HD Graphics 620 integrated, 2 cores with Hyperthreading, and Turbo Boost. It's well capable of moderate gaming, multimedia purposes, office applications, and more.",Intel Graphics 620,https://www.notebookcheck.net/Intel-HD-Graphics-620.172256.0.html,http://lappylist.com/images/gpu/Intel%20HD%20graphics%20logo.jpg,"Intel HD Graphics 620 are quality integrated graphics that support multiple display, can easily handle light gaming, and is on par with the performance of the Nvidia GT 920M.",8GB,,128GB,"14"" 1920x1080 IPS",12.5 hrs,9/10,2.9 lbs,0.79 in
,Dell XPS 15 9560 (i5 refurb),"$1,119",https://rover.ebay.com/rover/1/711-53200-19255-0/1?ff3=4&toolid=11800&pub=5575086239&campid=5337481056&mpre=https%3A%2F%2Fwww.ebay.com%2Fitm%2FDell-XPS-15-9560-i5-7300HQ-8GB-256GB-PCIe-SSD-UHD-4K-Touch-GTX1050-4GB-W10-PRO%2F323130334310%3Fhash%3Ditem4b3c119c66%3Ag%3A0UsAAOSwHptZATlu%3Asc%3AOther!97080!US!-1,http://lappylist.com/images/laptop/Dell%20XPS%2015%209560.jpg,"The Kaby Lake refresh of the XPS 15 offers a little better battery life, a virtually borderless InfinityEdge display, a significantly more powerful Nvidia GTX 1050 GPU, and lighter, more compact design.  ",i5-7300HQ,https://www.notebookcheck.net/Intel-Core-i5-7300HQ-Laptop-Processor.189854.0.html,http://lappylist.com/images/cpu/Intel%20logo.png,"The i5-7300HQ is a powerful 2.5GHz-3.5GHz processor, having Intel Graphics 530,4 cores, Turbo Boost, and is powerful enough for most CPU intensive applications and moderate to heavy gaming.",Nvidia GTX 1050,https://www.notebookcheck.net/NVIDIA-GeForce-GTX-1050-Notebook.178614.0.html,http://lappylist.com/images/gpu/Nvidia%20logo.jpg,"Nvidia GTX 1050 graphics are on the budget end of the GTX graphics of the 1000 series, and were released with the new Pascal core, running more efficient, cooler,  performing at near desktop GPU levels, and offering full VR support. It's a 30% improvement in performance over the GTX 960M.",8GB ,,256GB PCIe,"15.6"" 3840x2160 IPS Touch",6 hrs,10/10,4.3 lbs,0.67 in
,HP Spectre 13,"$1,149",http://www.awin1.com/cread.php?awinaffid=226241&awinmid=7168&p=http%3A%2F%2Fstore.hp.com%2Fus%2Fen%2Fpdp%2Fhp-spectre-laptop-13t-1ps11av-1,http://lappylist.com/images/laptop/HP%20Spectre%2013.jpg,"The new late 2017 HP Spectre 13 is the thinnest ultrabook on the market at only 0.41"" and is built with the highest quality. It comes with new USB C connectivity, a beautiful IPS display, and a range of specs to meet any need for high end mainstream/business use.  ",i5-8250U,https://www.notebookcheck.net/Intel-Core-i5-8250U-SoC-Benchmarks-and-Specs.242172.0.html,http://lappylist.com/images/cpu/Intel%20logo.png,"The i5-8250U is a 1.6GHz-3.4GHz Ultra low Voltage processor, having Intel HD Graphics 620 integrated, 4 cores with Hyperthreading, and Turbo Boost. It's well capable of moderate gaming, multimedia purposes, office applications, and more.",Intel UHD Graphics 620,https://www.notebookcheck.net/Intel-UHD-Graphics-620-GPU-Review-Benchmarks-and-Specs.239936.0.html,http://lappylist.com/images/gpu/Intel%20HD%20graphics%20logo.jpg,"Intel HD Graphics 620 are quality integrated graphics that support multiple display, can easily handle light gaming, and is on par with the performance of the Nvidia GT 820M.",8GB,,256GB PCIe,"13.3"" 1920x1080 IPS Touch",11 hrs,9/10,2.45 lbs,0.41 in
,Dell XPS 13 9370,"$1,149",http://www.jdoqocy.com/click-7707423-11886213?url=http%3A%2F%2Fwww.dell.com%2Fen-us%2Fwork%2Fshop%2Fdell-laptops-and-notebooks%2Fnew-xps-13%2Fspd%2Fxps-13-9370-laptop%2Fcax13w10p2c610,http://lappylist.com/images/laptop2018/Dell%20XPS%2013%209370.jpg,"The Kaby Lake R refresh of the Dell XPS 13 is an extremely lightweight and high quality ultrabook with great battery life, updated Kaby Lake R integrated graphics, and a borderless 13.3"" 1920x1080 display. ",i5-8250U,https://www.notebookcheck.net/Intel-Core-i5-8250U-SoC-Benchmarks-and-Specs.242172.0.html,http://lappylist.com/images/cpu/Intel%20logo.png,"The i5-8250U is a 1.6GHz-3.4GHz Ultra low Voltage processor, having Intel HD Graphics 620 integrated, 4 cores with Hyperthreading, and Turbo Boost. It's well capable of moderate gaming, multimedia purposes, office applications, and more.",Intel UHD Graphics 620,https://www.notebookcheck.net/Intel-UHD-Graphics-620-GPU-Review-Benchmarks-and-Specs.239936.0.html,http://lappylist.com/images/gpu/Intel%20HD%20graphics%20logo.jpg,"Intel HD Graphics 620 are quality integrated graphics that support multiple display, can easily handle light gaming, and is on par with the performance of the Nvidia GT 920M.",8GB,,128GB PCIe,"13.3"" 1920x1080 IPS",22 hrs,9/10,2.67 lbs,0.46 in
,Lenovo ThinkPad X1 Carbon,"$1,229",http://lenovo.7eer.net/c/226309/218864/3808?u=http%3A%2F%2Fwww3.lenovo.com%2Fus%2Fen%2Flaptops%2Fthinkpad%2Fthinkpad-x%2FThinkPad-X1-Carbon-5th-Generation%2Fp%2F22TP2TXX15G,http://lappylist.com/images/laptop/Lenovo%20ThinkPad%20X1%20Carbon%205th%20gen.jpg,"The X1 Carbon is the high end ultralight model in the ThinkPad series. It's chassis is carbon fiber reinforced for strength, is designed to be as efficient as possible, and still includes great connectivity, TouchPoint, and high end ThinkPad keyboard we've all come to love.  ",i5-7200U,http://www.notebookcheck.net/Intel-Core-i5-7200U-Notebook-Processor.172250.0.html,http://lappylist.com/images/cpu/Intel%20logo.png,"The i5-7200U is a 2.5GHz-3.1GHz Ultra low Voltage processor, having Intel HD Graphics 620 integrated, 2 cores with Hyperthreading, and Turbo Boost. It's well capable of moderate gaming, multimedia purposes, office applications, and more.",Intel Graphics 620,http://www.notebookcheck.net/Intel-HD-Graphics-520.149940.0.html,http://lappylist.com/images/gpu/Intel%20HD%20graphics%20logo.jpg,"Intel HD Graphics 620 are quality integrated graphics that support multiple display, can easily handle light gaming, and is on par with the performance of the Nvidia GT 820M.",8GB,,128GB,"14"" 1920x1080 IPS",15.5 hrs,10/10,2.49 lbs,0.6 in
,Dell Latitude 15 E5590*,"$1,279",http://www.kqzyfj.com/click-7707423-11886213?url=http%3A%2F%2Fwww.dell.com%2Fen-us%2Fwork%2Fshop%2Fdell-laptops-and-notebooks%2Fnew-latitude-5590%2Fspd%2Flatitude-15-5590-laptop%2Fs043l559015us,http://www.lappylist.com/images/laptop/Dell%20Latitude%20E5550.jpg,"The E5590 is part of Dell's Professional Latitude 5000 series and is made with fantastic quality, great battery life, and good portability for a 15.6"" professional machine. The 5590 is an updated version of the 5580 with an 8th gen processor, more connectivity options, and thinner/lighter design.",i5-8250U,https://www.notebookcheck.net/Intel-Core-i5-8250U-SoC-Benchmarks-and-Specs.242172.0.html,http://lappylist.com/images/cpu/Intel%20logo.png,"The i5-8250U is a 1.6GHz-3.4GHz Ultra low Voltage processor, having Intel HD Graphics 620 integrated, 4 cores with Hyperthreading, and Turbo Boost. It's well capable of moderate gaming, multimedia purposes, office applications, and more.",Intel UHD Graphics 620,https://www.notebookcheck.net/Intel-UHD-Graphics-620-GPU-Review-Benchmarks-and-Specs.239936.0.html,http://lappylist.com/images/gpu/Intel%20HD%20graphics%20logo.jpg,"Intel HD Graphics 620 are quality integrated graphics that support multiple display, can easily handle light gaming, and is on par with the performance of the Nvidia GT 920M.",8GB,,256GB PCIe,"15.6"" 1920x1080 IPS",7 hrs,10/10,4.14 lbs,0.8 in
,HP Elitebook 1040 G4,"$1,279",http://www.awin1.com/cread.php?awinaffid=226241&awinmid=7168&p=http%3A%2F%2Fstore.hp.com%2Fus%2Fen%2Fpdp%2Fhp-elitebook-1040-g4-notebook-pc,http://lappylist.com/images/laptop/HP%20Elitebook%201040%20G3.jpg,"The 1040 G4 is a high end, very high quality business class ultraportable. It's incredibly thin, very durable with spill-proof keyboard and drain, and other high end features. It's efficient, sleek, and has a range of custom options. This iteration comes with premium sound, a lighter design than the prior G3, USB-C and more. ",i5-7200U,http://www.notebookcheck.net/Intel-Core-i5-7200U-Notebook-Processor.172250.0.html,http://lappylist.com/images/cpu/Intel%20logo.png,"The i5-7200U is a 2.5GHz-3.1GHz Ultra low Voltage processor, having Intel HD Graphics 620 integrated, 2 cores with Hyperthreading, and Turbo Boost. It's well capable of moderate gaming, multimedia purposes, office applications, and more.",Intel Graphics 620,http://www.notebookcheck.net/Intel-HD-Graphics-520.149940.0.html,http://lappylist.com/images/gpu/Intel%20HD%20graphics%20logo.jpg,"Intel HD Graphics 620 are quality integrated graphics that support multiple display, can easily handle light gaming, and is on par with the performance of the Nvidia GT 820M.",8GB,,128GB,"14"" 1920x1080 IPS",18 hrs,9/10,2.99 lbs,0.63 in
,Dell XPS 15 9560 (i5),"$1,299",https://click.linksynergy.com/deeplink?id=exBsg*4*zaI&mid=24542&murl=https%3A%2F%2Fwww.microsoft.com%2Fen-us%2Fstore%2Fd%2Fdell-xps-15-9560-laptop%2F91076tjj2wfb%2FFD4C,http://lappylist.com/images/laptop/Dell%20XPS%2015%209560.jpg,"The Kaby Lake refresh of the XPS 15 offers a little better battery life, a virtually borderless InfinityEdge display, a significantly more powerful Nvidia GTX 1050 GPU, and lighter, more compact design.  ",i5-7300HQ,https://www.notebookcheck.net/Intel-Core-i5-7300HQ-Laptop-Processor.189854.0.html,http://lappylist.com/images/cpu/Intel%20logo.png,"The i5-7300HQ is a powerful 2.5GHz-3.5GHz processor, having Intel Graphics 530,4 cores, Turbo Boost, and is powerful enough for most CPU intensive applications and moderate to heavy gaming.",Nvidia GTX 1050,https://www.notebookcheck.net/NVIDIA-GeForce-GTX-1050-Notebook.178614.0.html,http://lappylist.com/images/gpu/Nvidia%20logo.jpg,"Nvidia GTX 1050 graphics are on the budget end of the GTX graphics of the 1000 series, and were released with the new Pascal core, running more efficient, cooler,  performing at near desktop GPU levels, and offering full VR support. It's a 30% improvement in performance over the GTX 960M.",8GB ,,256GB,"15.6"" 3840x2160 IPS Touch",6 hrs,10/10,4.5 lbs,0.67 in
,Dell XPS 15 9560 (i7 refurb),"$1,399",https://rover.ebay.com/rover/1/711-53200-19255-0/1?ff3=4&toolid=11800&pub=5575086239&campid=5337481056&mpre=https%3A%2F%2Fwww.ebay.com%2Fitm%2FDell-XPS-15-9560-i7-7700HQ-16GB-512GB-PCIe-SSD-UHD-4K-Touch-GTX1050-Fingerprint%2F232336874946%3Fhash%3Ditem36185b5dc2%3Ag%3A0UsAAOSwHptZATlu%3Asc%3AOther!97080!US!-1,http://lappylist.com/images/laptop/Dell%20XPS%2015%209560.jpg,"The Kaby Lake refresh of the XPS 15 offers a little better battery life, a virtually borderless InfinityEdge display, a significantly more powerful Nvidia GTX 1050 GPU, and lighter, more compact design.  ",i5-7700HQ,https://www.notebookcheck.net/Intel-Core-i7-7700HQ-Notebook-Processor.187975.0.html,http://lappylist.com/images/cpu/Intel%20logo.png,"The i7-7700HQ is a powerful 2.8GHz-3.8GHz quad-core processor with Hyperthreading, Turbo Boost, and Intel HD Graphics 630. It's capable of very CPU intensive applications and high end gaming.",Nvidia GTX 1050,https://www.notebookcheck.net/NVIDIA-GeForce-GTX-1050-Notebook.178614.0.html,http://lappylist.com/images/gpu/Nvidia%20logo.jpg,"Nvidia GTX 1050 graphics are on the budget end of the GTX graphics of the 1000 series, and were released with the new Pascal core, running more efficient, cooler,  performing at near desktop GPU levels, and offering full VR support. It's a 30% improvement in performance over the GTX 960M.",16GB ,,512GB PCIe,"15.6"" 3840x2160 IPS Touch",6 hrs,10/10,4.3 lbs,0.67 in
High,Dell Latitude 14 E7490,"$1,499",http://www.jdoqocy.com/click-7707423-11886213?url=http%3A%2F%2Fwww.dell.com%2Fen-us%2Fwork%2Fshop%2Fdell-laptops-and-notebooks%2Fnew-latitude-7490%2Fspd%2Flatitude-14-7490-laptop%2Fs016l749014us,http://www.lappylist.com/images/laptop/Dell%20Latitude%20E7450.jpg,"The E7490 is part of Dell's top of the line Professional Latitude 7000 series and is made with fantastic quality. It comes packed with a dock and a 3-year in home service warranty in addition to its great specs, portability, and efficiency",i5-8250U,https://www.notebookcheck.net/Intel-Core-i5-8250U-SoC-Benchmarks-and-Specs.242172.0.html,http://lappylist.com/images/cpu/Intel%20logo.png,"The i5-8250U is a 1.6GHz-3.4GHz Ultra low Voltage processor, having Intel HD Graphics 620 integrated, 4 cores with Hyperthreading, and Turbo Boost. It's well capable of moderate gaming, multimedia purposes, office applications, and more.",Intel UHD Graphics 620,https://www.notebookcheck.net/Intel-UHD-Graphics-620-GPU-Review-Benchmarks-and-Specs.239936.0.html,http://lappylist.com/images/gpu/Intel%20HD%20graphics%20logo.jpg,"Intel HD Graphics 620 are quality integrated graphics that support multiple display, can easily handle light gaming, and is on par with the performance of the Nvidia GT 920M.",8GB,,256GB PCIe,"14.1"" 1920x1080 IPS",8 hrs,10/10,3.11 lbs,0.70 in
,Asus Zenbook UX550VE,"$1,555",https://www.amazon.com/dp/B07532Y2LL,http://lappylist.com/images/laptop2018/Asus%20Zenbook%20Pro%20UX550VE.jpg,"The Asus UX550VE is an ultra-light, premium 15.6"" multimedia laptop with incredibly fast PCIE SSD storage, 1080p IPS display, Mini Display Port with Thunderbolt support, high quality dedicated graphics, and great overall specs. ",i5-7700HQ,https://www.notebookcheck.net/Intel-Core-i7-7700HQ-Notebook-Processor.187975.0.html,http://lappylist.com/images/cpu/Intel%20logo.png,"The i7-7700HQ is a powerful 2.8GHz-3.8GHz quad-core processor with Hyperthreading, Turbo Boost, and Intel HD Graphics 630. It's capable of very CPU intensive applications and high end gaming.",Nvidia GTX 1050 Ti,https://www.notebookcheck.net/NVIDIA-GeForce-GTX-1050-Ti-Notebook.168400.0.html,http://lappylist.com/images/gpu/Nvidia%20logo.jpg,"Nvidia GTX 1050 Ti graphics are on the budget end of the GTX graphics of the 1000 series, and were released with the new Pascal core, running more efficient, cooler,  performing at near desktop GPU levels, and offering full VR support. It's a 30% improvement in performance over the GTX 970M.",16GB,,512GB PCIE,"15.6"" 1920x1080 IPS Touch",10 hrs,10/10,3.97 lbs,0.74 in
Very High,Apple Macbook Pro 13,"$1,699",https://www.amazon.com/dp/B075V89MB1,http://lappylist.com/images/laptop2018/Macbook%20Pro%2013%202017.jpg,"The Apple Macbook Pro Retina 13 is a relatively powerful ultrabook with fantastic build quality and battery life with a beautiful 13.3"" 2560x1600 IPS Retina display. This is the newest refresh of the laptop featuring a new optional OLED customizable touch bar and four Thunderbolt 3 ports.",i5-7360U,http://www.notebookcheck.net/Intel-Core-i5-6267U-Notebook-Processor.149852.0.html,http://lappylist.com/images/cpu/Intel%20logo.png,"The i5-7360U is a dual-core 2.5GHz-3.6GHz Low Voltage processor with relatively powerful Intel Iris Graphics 640, powerful enough for even more CPU intensive applications, while still being efficient enough to not inhibit battery life.",Intel Iris Graphics 640,https://www.notebookcheck.net/Intel-Iris-Plus-Graphics-640.190371.0.html,http://lappylist.com/images/gpu/Intel%20HD%20graphics%20logo.jpg,Iris Graphics 640 are Kaby Lake integrated graphics more powerful than the more average Intel HD graphics and can perform close to the Nvidia GT 940M,16GB,,256GB PCIe,"13.3"" 2560x1600 IPS",10 hrs,10/10,3 lbs,0.59 in
,Asus Zenbook UX490UA,"$1,699",http://www.anrdoezrs.net/links/7707423/type/dlg/https://www.newegg.com/Product/Product.aspx?Item=N82E16834234753&cm_re=ux490ua-_-34-234-753-_-Product,http://lappylist.com/images/laptop/Asus%20Zenbook%20UX390UA.jpg,"The Zenbook 3 UX490UA is the highest of Asus's already premium Zenbook line. Weighing in at only 2.42lbs, it's all aluminum chassis is the highest quality and incredibly thin at only a half of an inch. It's equipped with quad-speaker premium sound, a gorilla glass covered display, and all of the features you'd look for in a high end ultraportable.",i7-8550U,https://www.notebookcheck.net/Intel-Core-i7-8550U-SoC-Benchmarks-and-Specs.242108.0.html,http://lappylist.com/images/cpu/Intel%20logo.png,"The i7-8550U is a 1.8GHz-4GHz Ultra low Voltage processor, having Intel UHD Graphics 620 integrated, 4 cores with Hyperthreading, and Turbo Boost. It's well capable of moderate gaming, multimedia purposes, office applications, and more.",Intel UHD Graphics 620,https://www.notebookcheck.net/Intel-UHD-Graphics-620-GPU-Review-Benchmarks-and-Specs.239936.0.html,http://lappylist.com/images/gpu/Intel%20HD%20graphics%20logo.jpg,"Intel HD Graphics 620 are quality integrated graphics that support multiple display, can easily handle light gaming, and is on par with the performance of the Nvidia GT 920M.",16GB,,512GB PCIe,"14"" 1920x1080 IPS",9 hrs,7/10,2.42 lbs,0.51 in
,Dell XPS 15 9560 (i7),"$1,885",https://click.linksynergy.com/deeplink?id=exBsg*4*zaI&mid=24542&murl=https%3A%2F%2Fwww.microsoft.com%2Fen-us%2Fstore%2Fd%2Fdell-xps-15-9560-laptop%2F91076tjj2wfb%2FKW5V%3FranMID%3D24542%26ranEAID%3DexBsg%2A4%2AzaI%26ranSiteID%3DexBsg.4.zaI-625NQhObQ.IebdUMWf2Y4Q%26tduid%3D%28423e6b78be8c66048bccdd665c350a0f%29%28256380%29%282459594%29%28exBsg.4.zaI-625NQhObQ.IebdUMWf2Y4Q%29%28%29%26activetab%3Dpivot%3Aoverviewtab,http://lappylist.com/images/laptop/Dell%20XPS%2015%209560.jpg,"The Kaby Lake refresh of the XPS 15 offers a little better battery life, a virtually borderless InfinityEdge display, a significantly more powerful Nvidia GTX 1050 GPU, and lighter, more compact design.  ",i7-7700HQ,https://www.notebookcheck.net/Intel-Core-i7-7700HQ-Notebook-Processor.187975.0.html,http://lappylist.com/images/cpu/Intel%20logo.png,"The i7-7700HQ is a powerful 2.8GHz-3.8GHz quad-core processor with Hyperthreading, Turbo Boost, and Intel HD Graphics 630. It's capable of very CPU intensive applications and high end gaming.",Nvidia GTX 1050,https://www.notebookcheck.net/NVIDIA-GeForce-GTX-1050-Notebook.178614.0.html,http://lappylist.com/images/gpu/Nvidia%20logo.jpg,"Nvidia GTX 1050 graphics are on the budget end of the GTX graphics of the 1000 series, and were released with the new Pascal core, running more efficient, cooler,  performing at near desktop GPU levels, and offering full VR support. It's a 30% improvement in performance over the GTX 960M.",32GB,,1TB,"15.6"" 3840x2160 IPS Touch",6 hrs,10/10,4.5 lbs,0.66 in
,Apple Macbook Pro 15 w/ bar,"$1,993",https://www.amazon.com/Apple-MacBook-MLH42LL-15-4-inch-quad-core/dp/B01LTHXA72/ref=as_li_ss_tl?th=1&linkCode=ll1&tag=lappylist-20&linkId=8f800420052001cdc0fb7f97d51e27e7,http://lappylist.com/images/laptop/Apple%20Macbook%20Pro%2015%20touchbar.jpg,"The Macbook Pro is an extremely high quality laptop with potentially the best battery life on the market. If you want the highest quality and don't mind paying for it, this is the route to take. This latest version also comes with a customizable touch bar above the keyboard and 4 Thunderbolt 3 ports. ",i7-6700HQ,http://www.notebookcheck.net/Intel-Core-i7-6700HQ-Notebook-Processor.149420.0.html,http://lappylist.com/images/cpu/Intel%20logo.png,"The i7-6700HQ is a powerful 2.6GHz-3.5GHz quad-core processor with Hyperthreading, Turbo Boost, and Intel HD Graphics 530. It's capable of very CPU intensive applications and high end gaming.",AMD Radeon Pro 450,https://www.notebookcheck.net/AMD-Radeon-Pro-450.181778.0.html,http://lappylist.com/images/gpu/AMD%20Radeon%20graphics%20logo.jpg,"AMD Radeon Pro 450 graphics are mid-range GPU's  a bit ahead of the Nvidia GTX 950M. Therefore, they are more than enough for any mainstream use, 4K video streaming, and mid-range gaming. ",16GB,,256GB PCIe,"15.4"" 2880x1800 IPS",10 hrs,10/10,4 lbs,0.63 in
x,x,x,x,x,x,x,x,x,x,x,x,x,x,x,x,x,x,x,x,x,x