Budget,Model,Price,Model-Link,Model-Image,Model-Descrip,CPU,CPU-Link,CPU-Image,CPU-Descrip,Graphics,Graphics-Link,Graphics-Image,Graphics-Descrip,RAM,HDD,SSD,Display,Battery,Quality,Weight,Thickness
Ultra Low,HP Stream 11,$199,http://www.awin1.com/cread.php?awinaffid=226241&awinmid=7168&p=http%3A%2F%2Fstore.hp.com%2Fus%2Fen%2Fpdp%2Fhp-stream---11-y010nr-%2528energy-star%2529,http://lappylist.com/images/laptop/HP%20Stream.jpg,The HP Stream 11 is a lightweight and efficient laptop perfect for most mainstream use.,Celeron N3060,https://www.notebookcheck.net/Intel-Celeron-N3060-Notebook-Processor-Benchmarks-and-Specs.169390.0.html,http://lappylist.com/images/cpu/Intel%20logo.png,"The N3060 is a low end Braswell processor well suited for light tasks of a casual user such as email, word processing, etc.",Intel HD Graphics,http://www.notebookcheck.net/Intel-HD-Graphics-Braswell.146746.0.html,http://lappylist.com/images/gpu/Intel%20HD%20graphics%20logo.jpg,Intel HD Graphics (Braswell) are integrated graphics suited for older or lighter gaming and up to 4K video playback.,4GB,,32GB,"11.6"" 1366x768 TN",10.5 hrs,4/10,2.57 lbs,0.71 in
,Dell Inspiron 11,$202,https://www.amazon.com/dp/B01F3R9136//ref=as_li_ss_tl?ie=UTF8&linkCode=ll1&tag=lappylist-20&linkId=2ed6db16cd14d2159677e3c92a705f39,http://lappylist.com/images/laptop/Dell%20Inspiron%2011.jpg,The Dell Inspiron 11 is an extremely lightweight and efficient laptop with minimal specifications designed for mainstream use.,Celeron N3060,https://www.notebookcheck.net/Intel-Celeron-N3060-Notebook-Processor-Benchmarks-and-Specs.169390.0.html,http://lappylist.com/images/cpu/Intel%20logo.png,"The N3060 is a low end Braswell processor well suited for light tasks of a casual user such as email, word processing, etc.",Intel HD Graphics,http://www.notebookcheck.net/Intel-HD-Graphics-Braswell.146746.0.html,http://lappylist.com/images/gpu/Intel%20HD%20graphics%20logo.jpg,Intel HD Graphics (Braswell) are integrated graphics suited for older or lighter gaming and up to 4K video playback.,2GB,,32GB,"11.6"" 1366x768 TN",9.5 hrs,5/10,2.6 lbs,0.88 in
,HP Stream 13,$219,https://www.amazon.com//dp/B015CQ8PNA//ref=as_li_ss_tl?ie=UTF8&linkCode=ll1&tag=lappylist-20&linkId=287c16e0be20f53d7d05f6000fe5fd90,http://lappylist.com/images/laptop/HP%20Stream.jpg,The HP Stream 13 is a lightweight and efficient laptop perfect for most mainstream use.,Celeron N3050,http://www.notebookcheck.net/Intel-Celeron-N3050-Notebook-Processor.146637.0.html,http://lappylist.com/images/cpu/Intel%20logo.png,"The N3050 is a low end Braswell processor well suited for light tasks of a casual user such as email, word processing, etc.",Intel HD Graphics,http://www.notebookcheck.net/Intel-HD-Graphics-Bay-Trail.103037.0.html,http://lappylist.com/images/gpu/Intel%20HD%20graphics%20logo.jpg,Intel HD Graphics (Braswell) are integrated graphics suited for older or lighter gaming and up to 4K video playback.,2GB,,32GB ,"13.3"" 1366x768 TN",8 hrs,4/10,3.4 lbs,0.77 in
,Lenovo IdeaPad 100s,$249,https://www.amazon.com//dp/B0178FGO22//ref=as_li_ss_tl?&linkCode=ll1&tag=lappylist-20&linkId=b4db56ecbeb9341c56f320295c251035,http://lappylist.com/images/laptop/Lenovo%20IdeaPad%20100s.jpg,"The Lenovo 100s is an extremely lightweight 14"" budget laptop designed for affordability, portability, and mainstream use. It's a really basic machine, but has everything you'd need for average daily use. ",Celeron N3050,http://www.notebookcheck.net/Intel-Celeron-N3050-Notebook-Processor.146637.0.html,http://lappylist.com/images/cpu/Intel%20logo.png,"The N3050 is a low end Braswell processor well suited for light tasks of a casual user such as email, word processing, etc.",Intel HD Graphics,http://www.notebookcheck.net/Intel-HD-Graphics-Braswell.146746.0.html,http://lappylist.com/images/gpu/Intel%20HD%20graphics%20logo.jpg,Intel HD Graphics (Braswell) are integrated graphics suited for older or lighter gaming and up to 4K video playback.,2GB,,64GB,"14"" 1366x738 TN",7 hrs,4/10,3.3 lbs,0.73 in
,Microsoft Surface 3,$369,https://www.amazon.com/dp/B012DTDBI8/ref=as_li_ss_tl?ie=UTF8&linkCode=ll1&tag=lappylist-20&linkId=8bc14a4d145e8e959f397bcf5aaaa8c9,http://lappylist.com/images/laptop/Microsoft%20Surface%20Pro%203.jpg,"The Surface 3 is the more lightweight and affordable version of the higher end Surface Pro. It's extraordinarily lightweight, efficient, and supports a detachable keyboard and pen, although sold separately.",Atom x7-Z8700,http://www.notebookcheck.net/Intel-Atom-x7-Z8700-Benchmarks.140906.0.html,http://lappylist.com/images/cpu/Intel%20logo.png,"The Intel Atom x7-Z8700 is a very efficient quad-core 1.6Ghz-2.4Ghz SoC for tablets and convertibles. Suitable for Office applications, light gaming, or any mainstream use.",Intel HD Graphics,http://www.notebookcheck.net/Intel-HD-Graphics-Cherry-Trail-Benchmarks.140902.0.html,http://lappylist.com/images/gpu/Intel%20HD%20graphics%20logo.jpg,"Intel Cherry Trail graphics are the successor to the previous Bay Trail, and are capable of very light gaming and any other relatively lightweight use, up to 4K video playback.",2GB,,64GB,"10.8"" 1920x1080 IPS",10 hrs,8/10,1.3 lbs,0.34 in
Low,HP Pavilion x360 13,$505,https://www.amazon.com/dp/B01MTUI4HO//ref=as_li_ss_tl?ie=UTF8&linkCode=ll1&tag=lappylist-20&linkId=5ae317163cf35de024378ae116b84902,http://www.lappylist.com/images/laptop/HP%20Pavilion%20x360%2013.jpg,"The HP Pavilion 13 is a very lightweight ultraportable convertible with great battery life, and great specs for its relative price featuring a 13.3"" 1920x1080 IPS touch display. It should be noted that the quality of the IPS display is on par with the lower end Lenovo Flex IPS displays and can be compared to a mid-range TN panel in regards to its viewing angles. ",i5-7200U,http://www.notebookcheck.net/Intel-Core-i5-7200U-Notebook-Processor.172250.0.html,http://lappylist.com/images/cpu/Intel%20logo.png,"The i5-7200U is a 2.5GHz-3.1GHz Ultra low Voltage processor, having Intel HD Graphics 620 integrated, 2 cores with Hyperthreading, and Turbo Boost. It's well capable of moderate gaming, multimedia purposes, office applications, and more.",Intel Graphics 620,http://www.notebookcheck.net/Intel-HD-Graphics-620.172256.0.html,http://lappylist.com/images/gpu/Intel%20HD%20graphics%20logo.jpg,"Intel HD Graphics 620 are quality integrated graphics that support multiple display, can easily handle light gaming, and is on par with the performance of the Nvidia GT 820M.",8GB,500GB 5400RPM,,"13.3"" 1920x1080 IPS Touch",11 hrs,7/10,3.66 lbs,0.78 in
,Asus Q504UA,$509,https://click.linksynergy.com/deeplink?id=exBsg*4*zaI&mid=38606&murl=http%3A%2F%2Fwww.bestbuy.com%2Fsite%2Fasus-q304ua-2-in-1-13-3-touch-screen-laptop-intel-core-i5-6gb-memory-1tb-hard-drive-sandblasted-aluminum-silver-with-chrome-hinge%2F5562402.p%3FskuId%3D5562402,http://lappylist.com/images/laptop/Asus%20Q503UA.jpg,"The Asus Q503UA is a great mid-range, but high quality laptop with a beautiful 13.3"" 1920x1080 IPS touch display and a slim design. It's also a convertible, which folds back into a tablet. This is the Kaby L:ake iteration of the previous Q503UA and maintains all of its high points with up to date hardware.",i5-7200U,http://www.notebookcheck.net/Intel-Core-i5-7200U-Notebook-Processor.172250.0.html,http://lappylist.com/images/cpu/Intel%20logo.png,"The i5-7200U is a 2.5GHz-3.1GHz Ultra low Voltage processor, having Intel HD Graphics 620 integrated, 2 cores with Hyperthreading, and Turbo Boost. It's well capable of moderate gaming, multimedia purposes, office applications, and more.",Intel Graphics 620,http://www.notebookcheck.net/Intel-HD-Graphics-620.172256.0.html,http://lappylist.com/images/gpu/Intel%20HD%20graphics%20logo.jpg,"Intel HD Graphics 620 are quality integrated graphics that support multiple display, can easily handle light gaming, and is on par with the performance of the Nvidia GT 820M.",6GB,1TB 5400RPM,,"13.3"" 1920x1080 IPS Touch",6 hrs,8/10,3.31 lbs,0.8 in
,Dell Inspiron 13 2 in 1,$533,https://www.amazon.com/dp/B01L8PDMO6/ref=as_li_ss_tl?ie=UTF8&linkCode=ll1&tag=lappylist-20&linkId=766dd9b97046391281d8802ca22c6b08,http://lappylist.com/images/laptop/Dell%20Inspiron%2013%202%20in%201.jpg,The Dell Inspiron 13 2 in 1 is a highly portable and lightweight convertible with an Intel Kaby Lake processor and graphics.,i5-7200U,http://www.notebookcheck.net/Intel-Core-i5-7200U-Notebook-Processor.172250.0.html,http://lappylist.com/images/cpu/Intel%20logo.png,"The i5-7200U is a 2.5GHz-3.1GHz Ultra low Voltage processor, having Intel HD Graphics 620 integrated, 2 cores with Hyperthreading, and Turbo Boost. It's well capable of moderate gaming, multimedia purposes, office applications, and more.",Intel Graphics 620,http://www.notebookcheck.net/Intel-HD-Graphics-620.172256.0.html,http://lappylist.com/images/gpu/Intel%20HD%20graphics%20logo.jpg,"Intel HD Graphics 620 are quality integrated graphics that support multiple display, can easily handle light gaming, and is on par with the performance of the Nvidia GT 820M.",8GB,1TB 5400RPM,,"13.3"" 1920x1080 IPS Touch",8 hrs,7/10,3.4 lbs,0.8 in
,Acer Aspire V13,$575,https://www.amazon.com/dp/B01682HZAQ/ref=as_li_ss_tl?ie=UTF8&linkCode=ll1&tag=lappylist-20&linkId=2491ee1ccc6bf49c3b0a4cfd356e5867,http://lappylist.com/images/laptop/Acer%20Aspire%20V3-372T.jpg,"The Acer Aspire V3-372T is an extremely portable 13.3"" ultrabook with a new Intel Skylake processor, and overall great specs for its size and price range.",i5-6200U,http://www.notebookcheck.net/Intel-Core-i5-6200U-Notebook-Processor.149437.0.html,http://lappylist.com/images/cpu/Intel%20logo.png,"The i5-6200U is a 2.3GHz-2.8GHz Ultra low Voltage processor, having Intel HD Graphics 520 integrated, 2 cores with Hyperthreading, and Turbo Boost. It's well capable of moderate gaming, multimedia purposes, office applications, and more.",HD Graphics 520,http://www.notebookcheck.net/Intel-HD-Graphics-520.149940.0.html,http://lappylist.com/images/gpu/Intel%20HD%20graphics%20logo.jpg,"Intel HD Graphics 520 are quality integrated graphics that support multiple display, can easily handle light gaming, and is on par with the performance of the Nvidia GT 820M.",6GB,,256GB,"13.3"" 1920x1080 IPS Touch",8 hrs,6/10,3.5 lbs,0.81 in
,HP Envy 13,$619,https://www.amazon.com/dp/B01LZKY7RB//ref=as_li_ss_tl?ie=UTF8&linkCode=ll1&tag=lappylist-20&linkId=9697adee835e601e24667aa285378a84,http://lappylist.com/images/laptop/HP%20Envy%2013t.jpg,"The HP Envy 13 is an amazingly thin ultrabook with solid construction and a range of options for specifications. It has some of the better audio available in an ultrabook. This Kaby Lake refresh also offers considerably higher battery life, a PCIe SSD, and better connectivity options.",i5-7200U,http://www.notebookcheck.net/Intel-Core-i5-7200U-Notebook-Processor.172250.0.html,http://lappylist.com/images/cpu/Intel%20logo.png,"The i5-7200U is a 2.5GHz-3.1GHz Ultra low Voltage processor, having Intel HD Graphics 520 integrated, 2 cores with Hyperthreading, and Turbo Boost. It's well capable of moderate gaming, multimedia purposes, office applications, and more.",Intel Graphics 620,https://www.notebookcheck.net/Intel-HD-Graphics-620.172256.0.html,http://lappylist.com/images/gpu/Intel%20HD%20graphics%20logo.jpg,"Intel HD Graphics 620 are quality integrated graphics that support multiple display, can easily handle light gaming, and is on par with the performance of the Nvidia GT 920M.",8GB,,256GB PCIe,"13.3"" 1920x1080 IPS",14 hrs,8/10,3.3 lbs,0.55 in
Medium,Toshiba Satellite Radius 12,$729,https://www.amazon.com/dp/B01980MNX4/ref=as_li_ss_tl?ie=UTF8&linkCode=ll1&tag=lappylist-20&linkId=3a96342912930b78d5195a00cee036ae,http://lappylist.com/images/laptop/Toshiba%20Satellite%20Radius%2012.jpg,"The Radius 12 is an incredibly lightweight and compact convertible with a really phenomenol 12.5"" 4k IPS Touch display that is callibrated for color accuracy. It carries incredible value for the combination of specs and portability, which it trades for somewhat low battery life. Photographers and designers will love this little beast. ",i7-6500U,http://www.notebookcheck.net/Intel-Core-i7-6500U-Notebook-Processor.149431.0.html,http://lappylist.com/images/cpu/Intel%20logo.png,"The i7-6500U is a 2.5GHz-3.1GHz Ultra low Voltage processor, having Intel HD Graphics 520 integrated, 2 cores with Hyperthreading, and Turbo Boost. It's well capable of moderate gaming, multimedia purposes, office applications, and more.",Intel Graphics 520,http://www.notebookcheck.net/Intel-HD-Graphics-520.149940.0.html,http://lappylist.com/images/gpu/Intel%20HD%20graphics%20logo.jpg,"Intel HD Graphics 520 are quality integrated graphics that support multiple display, can easily handle light gaming, and is on par with the performance of the Nvidia GT 820M.",8GB,,256GB,"12.5"" 3840x2160 IPS Touch",4 hrs,8/10,2.9 lbs,0.6 in
,Asus Zenbook UX330UA,$749,https://www.amazon.com/dp/B075N1YHVK,http://lappylist.com/images/laptop/ASUS%20Zenbook%20UX303LA.jpg,"ASUS's Zenbook UX330UA is one of ASUS's elite line of ultrabooks. It has fantastic build quality, a high end IPS display, great battery life, and a sleek design.",i5-8250U,https://www.notebookcheck.net/Intel-Core-i5-8250U-SoC-Benchmarks-and-Specs.242172.0.html,http://lappylist.com/images/cpu/Intel%20logo.png,"The i5-8250U is a 1.6GHz-3.4GHz Ultra low Voltage processor, having Intel HD Graphics 620 integrated, 4 cores with Hyperthreading, and Turbo Boost. It's well capable of moderate gaming, multimedia purposes, office applications, and more.",Intel UHD Graphics 620,https://www.notebookcheck.net/Intel-UHD-Graphics-620-GPU-Review-Benchmarks-and-Specs.239936.0.html,http://lappylist.com/images/gpu/Intel%20HD%20graphics%20logo.jpg,"Intel HD Graphics 620 are quality integrated graphics that support multiple display, can easily handle light gaming, and is on par with the performance of the Nvidia GT 920M.",8GB,,256GB PCIe,"13.3"" 1920x1080 IPS",8 hrs,9/10,2.6 lbs,0.5 in
,Dell Inspiron 13-7378,$799,http://www.anrdoezrs.net/links/7707423/type/dlg/http://www.dell.com/en-us/shop/productdetails/inspiron-13-7378-2-in-1-laptop/dncwsab5104h,http://lappylist.com/images/laptop/Dell%20Inspiron%2013%202%20in%201.jpg,The Dell Inspiron 13-7378 2 in 1 is a highly portable and lightweight convertible with an Intel Kaby Lake processor and graphics. Being part of Dell's 7000 series means that is at the high end of their build quality and connectivity features.,i5-7200U,http://www.notebookcheck.net/Intel-Core-i5-7200U-Notebook-Processor.172250.0.html,http://lappylist.com/images/cpu/Intel%20logo.png,"The i5-7200U is a 2.5GHz-3.1GHz Ultra low Voltage processor, having Intel HD Graphics 520 integrated, 2 cores with Hyperthreading, and Turbo Boost. It's well capable of moderate gaming, multimedia purposes, office applications, and more.",Intel Graphics 620,https://www.notebookcheck.net/Intel-HD-Graphics-620.172256.0.html,http://lappylist.com/images/gpu/Intel%20HD%20graphics%20logo.jpg,"Intel HD Graphics 620 are quality integrated graphics that support multiple display, can easily handle light gaming, and is on par with the performance of the Nvidia GT 920M.",8GB,,256GB,"13.3"" 1920x1080 IPS Touch",8 hrs,8/10,3.86 lbs,0.76 in
,Dell XPS 13 9360,$799,http://www.kqzyfj.com/oq68wktqks7FF8FCAB799GGEA9B?url=http%3A%2F%2Fwww.dell.com%2Fen-us%2Fshop%2Fproductdetails%2Fxps-13-9360-laptop%2Fdncwt5128hv2,http://lappylist.com/images/laptop/Dell%20XPS%2013-9350.jpg,"The Kaby Lake refresh of the Dell XPS 13 is an extremely lightweight and high quality ultrabook with great battery life, updated Skylake onboard graphics, and a borderless 13.3"" 1920x1080 display.",i3-7100U,https://www.notebookcheck.net/Intel-Core-i3-7100U-Notebook-Processor.172251.0.html,http://lappylist.com/images/cpu/Intel%20logo.png,"The i3-7100U is a 2.4GHz dual-core Ultra Low Voltage processor with Intel HD 620 integrated graphics. It's suited for general media consumption, office applications, and potentially light gaming.",Intel Graphics 620,https://www.notebookcheck.net/Intel-HD-Graphics-620.172256.0.html,http://lappylist.com/images/gpu/Intel%20HD%20graphics%20logo.jpg,"Intel HD Graphics 620 are quality integrated graphics that support multiple display, can easily handle light gaming, and is on par with the performance of the Nvidia GT 920M.",4GB,,128GB,"13.3"" 1920x1080 IPS",22 hrs,9/10,2.7 lbs,0.6 in
,Asus Zenbook UX360CA,$817,https://www.amazon.com/dp/B01GHQOD8U/ref=as_li_ss_tl?ie=UTF8&linkCode=ll1&tag=lappylist-20&linkId=b3f8152ef818023cfd98d882e1443542,http://lappylist.com/images/laptop/Asus%20UX360CA.jpg,"The Zenbook UX360CA is the upgraded convertible version of the UX305CA. It's high quality, has incredible battery life, large SSD storage, and offers incredible value for an ultraportable. ",m3-6Y30,http://www.notebookcheck.net/Intel-Core-M-5Y10-SoC.125673.0.html,http://lappylist.com/images/cpu/Intel%20logo.png,"The M3-6Y30 is an extremely low voltage 0.9-2.2GHz dual-core processor with hyperthreading that is on par with an i3-5010U. It's well suited for general Office applications and mainstream uses, even lightweight gaming.",Intel Graphics 515,http://www.notebookcheck.net/Intel-HD-Graphics-515.149941.0.html,http://lappylist.com/images/gpu/Intel%20HD%20graphics%20logo.jpg,Intel HD Graphics 515 are quality integrated graphics capable of multi-display support and can handle extremely light gaming and any general applications,8GB,,512GB,"13.3"" 1920x1080 IPS Touch",17 hrs,8/10,2.9 lbs,0.55 in
,Lenovo ThinkPad 13 * ,$830,http://lenovo.7eer.net/c/226309/218864/3808?u=http%3A%2F%2Fwww3.lenovo.com%2Fus%2Fen%2Flaptops%2Fthinkpad%2Fthinkpad-13-series%2FThinkPad-13-Windows-2nd-Gen%2Fp%2F22TP2TX133E,http://lappylist.com/images/laptop/Lenovo%20ThinkPad%2013.jpg,"The Lenovo ThinkPad 13 is a relatively affordable, portable, and highly durable business grade ultrabook with one of the best keyboards on the market in an affordable price range. ",i5-7200U,http://www.notebookcheck.net/Intel-Core-i5-7200U-Notebook-Processor.172250.0.html,http://lappylist.com/images/cpu/Intel%20logo.png,"The i5-7200U is a 2.5GHz-3.1GHz Ultra low Voltage processor, having Intel HD Graphics 620 integrated, 2 cores with Hyperthreading, and Turbo Boost. It's well capable of moderate gaming, multimedia purposes, office applications, and more.",Intel Graphics 620,http://www.notebookcheck.net/Intel-HD-Graphics-620.172256.0.html,http://lappylist.com/images/gpu/Intel%20HD%20graphics%20logo.jpg,"Intel HD Graphics 620 are quality integrated graphics that support multiple display, can easily handle light gaming, and is on par with the performance of the Nvidia GT 820M.",8GB,,128GB,"13.3"" 1920x1080 IPS",11 hrs,9/10,3.17 lbs,0.77 in
,Apple Macbook Air 13,$887,http://www.jdoqocy.com/click-7707423-10446076?url=https%3A%2F%2Fwww.newegg.com%2FProduct%2FProduct.aspx%3FItem%3D9SIABMT6CV5488%26cm_re%3Dmacbook_air-_-9SIABMT6CV5488-_-Product,http://lappylist.com/images/laptop/Apple%20Macbook%20Air.jpg,"The Apple Macbook Air is an extremely efficient, lightweight, and high quality ultraportable laptop perfect for any mainstream use.",i5-5350U,https://www.notebookcheck.net/Intel-Core-i5-5350U-Notebook-Processor.127829.0.html,http://lappylist.com/images/cpu/Intel%20logo.png,"The i5-5350U is a 1.8GHz-2.9GHz Ultra Low Voltage processor, having Intel HD 6000 graphics integrated, 2 cores with Hyperthreading, Turbo Boost, and is well suited for moderate gaming, office applications, multimedia purposes, and more.",Intel HD 6000,http://www.notebookcheck.net/Intel-HD-Graphics-6000.125588.0.html,http://lappylist.com/images/gpu/Intel%20HD%20graphics%20logo.jpg,"Intel HD 6000 graphics are quality integrated graphics capable of multi-display support and can easily handle light gaming (e.g. League of Legends, The Sims, Minecraft, Civ V, etc.)",8GB,,128GB PCIe,"13.3"" 1440x900",12 hrs,10/10,3 lbs,0.68 in
,Lenovo ThinkPad X270*,$915,http://lenovo.7eer.net/c/226309/218864/3808?u=http%3A%2F%2Fwww3.lenovo.com%2Fus%2Fen%2Flaptops%2Fthinkpad%2Fthinkpad-x%2FThinkPad-X270%2Fp%2F22TP2TX2700,http://lappylist.com/images/laptop/Lenovo%20Thinkpad%20X250.jpg,"The Lenovo ThinkPad X260 is the ultimate in portability, efficiency, and quality for an ultraportable. With a high quality Thinkpad Keyboard, up to 21 hours of battery life, and an amazingly low 2.9lb weight, it's a student or programmer's dream machine.",i5-7200U,http://www.notebookcheck.net/Intel-Core-i5-7200U-Notebook-Processor.172250.0.html,http://lappylist.com/images/cpu/Intel%20logo.png,"The i5-7200U is a 2.5GHz-3.1GHz Ultra low Voltage processor, having Intel HD Graphics 620 integrated, 2 cores with Hyperthreading, and Turbo Boost. It's well capable of moderate gaming, multimedia purposes, office applications, and more.",Intel Graphics 620,https://www.notebookcheck.net/Intel-HD-Graphics-620.172256.0.html,http://lappylist.com/images/gpu/Intel%20HD%20graphics%20logo.jpg,"Intel HD Graphics 620 are quality integrated graphics that support multiple display, can easily handle light gaming, and is on par with the performance of the Nvidia GT 920M.",8GB,500GB 7200RPM,,"12.5"" 1920x1080 IPS",21 hrs*,10/10,2.9 lbs,0.8 in 
,Microsoft Surface Pro 4,$964,https://www.amazon.com/dp/B01606IDL0//ref=as_li_ss_tl?ie=UTF8&linkCode=ll1&tag=lappylist-20&linkId=49b113c65fd203afad565cfbd229d1b0,http://lappylist.com/images/laptop/Microsoft%20Surface%20Pro%204.jpg,"The Surface Pro 4 is Microsoft's first Intel Skylake iteration of their Surface tablet line. With an upgraded display, storage options, considerably more sensitive pen and memory choices. It's high quality and great for a range of uses, making it a great convertible option.",i5-6300U,http://www.notebookcheck.net/Intel-Core-i5-6300U-Notebook-Processor.149433.0.html,http://lappylist.com/images/cpu/Intel%20logo.png,"The i5-6300U is a 2.4GHz-3.0GHz Ultra low Voltage processor, having Intel HD Graphics 520 integrated, 2 cores with Hyperthreading, and Turbo Boost. It's well capable of moderate gaming, multimedia purposes, office applications, and more.",Intel Graphics 520,http://www.notebookcheck.net/Intel-HD-Graphics-520.149940.0.html,http://lappylist.com/images/gpu/Intel%20HD%20graphics%20logo.jpg,"Intel HD Graphics 520 are quality integrated graphics that support multiple display, can easily handle light gaming, and is on par with the performance of the Nvidia GT 820M.",8GB,,256GB,"12.3"" 2736x1824 IPS Touch",9 hrs,8/10,1.73 lbs,0.33 in
,HP Spectre x360 13,$989,http://www.awin1.com/cread.php?awinaffid=226241&awinmid=7168&p=http%3A%2F%2Fstore.hp.com%2Fus%2Fen%2Fpdp%2Fhp-spectre-x360-convertible-laptop-13t-touch-y5w39av-1,http://lappylist.com/images/laptop/HP%20Spectre%20x360.jpg,"The HP Spectre x360 is a high quality, extremely thin, convertible with high portability and good value for its price. Wiith a 256GB SSD and a 13.3"" 1080p IPS touch display, it's a great portable option. ",i5-7200U,http://www.notebookcheck.net/Intel-Core-i5-7200U-Notebook-Processor.172250.0.html,http://lappylist.com/images/cpu/Intel%20logo.png,"The i5-7200U is a 2.5GHz-3.1GHz Ultra low Voltage processor, having Intel HD Graphics 620 integrated, 2 cores with Hyperthreading, and Turbo Boost. It's well capable of moderate gaming, multimedia purposes, office applications, and more.",Intel Graphics 620,http://www.notebookcheck.net/Intel-HD-Graphics-520.149940.0.html,http://lappylist.com/images/gpu/Intel%20HD%20graphics%20logo.jpg,"Intel HD Graphics 620 are quality integrated graphics that support multiple display, can easily handle light gaming, and is on par with the performance of the Nvidia GT 920M.",8GB,,256GB ,"13.3"" 1920x1080 IPS Touch",16 hrs,9/10,2.89 lbs,0.55 in
,Asus Zenbook UX331UN,$999,http://www.anrdoezrs.net/links/7707423/type/dlg/https://www.newegg.com/Product/Product.aspx?Item=N82E16834234929,http://lappylist.com/images/laptop2018/Asus%20Zenbook%20UX331UN.jpg,,i5-8250U,https://www.notebookcheck.net/Intel-Core-i5-8250U-SoC-Benchmarks-and-Specs.242172.0.html,http://lappylist.com/images/cpu/Intel%20logo.png,"The i5-8250U is a 1.6GHz-3.4GHz Ultra low Voltage processor, having Intel HD Graphics 620 integrated, 4 cores with Hyperthreading, and Turbo Boost. It's well capable of moderate gaming, multimedia purposes, office applications, and more.",Nvidia MX150,https://www.notebookcheck.net/NVIDIA-GeForce-MX150-Benchmark-and-Specs-of-the-GT-1030-for-Laptops.223530.0.html,http://lappylist.com/images/gpu/Intel%20HD%20graphics%20logo.jpg,"Nvidia 150MX graphics are mid-range graphics well capable of video editing, mid-range gaming, fairly intensive graphics work, and 4k video playback.",8GB,,256GB,"13.3"" 1920x1080 IPS Touch",14 hrs,8/10,,
,Dell XPS 13 9360,$999,https://click.linksynergy.com/deeplink?id=exBsg*4*zaI&mid=24542&murl=https%3A%2F%2Fwww.microsoft.com%2Fen-us%2Fstore%2Fd%2Fdell-xps-13-xps9360-1718slv-signature-edition-laptop%2F8w7kg2v4bxqr,http://lappylist.com/images/laptop/Dell%20XPS%2013-9350.jpg,"The Kaby Lake refresh of the Dell XPS 13 is an extremely lightweight and high quality ultrabook with great battery life, updated Kaby Lake onboard graphics, and a borderless 13.3"" 1920x1080 display.",i5-7200U,http://www.notebookcheck.net/Intel-Core-i5-7200U-Notebook-Processor.172250.0.html,http://lappylist.com/images/cpu/Intel%20logo.png,"The i5-7200U is a 2.5GHz-3.1GHz Ultra low Voltage processor, having Intel HD Graphics 620 integrated, 2 cores with Hyperthreading, and Turbo Boost. It's well capable of moderate gaming, multimedia purposes, office applications, and more.",Intel Graphics 620,http://www.notebookcheck.net/Intel-HD-Graphics-520.149940.0.html,http://lappylist.com/images/gpu/Intel%20HD%20graphics%20logo.jpg,"Intel HD Graphics 620 are quality integrated graphics that support multiple display, can easily handle light gaming, and is on par with the performance of the Nvidia GT 920M.",8GB,,256GB,"13.3"" 1920x1080 IPS",12 hrs,9/10,2.8 lbs,0.60 in
Medium-High,HP Spectre 13,"$1,099",http://www.awin1.com/cread.php?awinaffid=226241&awinmid=7168&p=http%3A%2F%2Fstore.hp.com%2Fus%2Fen%2Fpdp%2FLaptops%2Fhp-spectre-13-v151nr-w2k31ua-aba,http://lappylist.com/images/laptop/HP%20Spectre%2013.jpg,"The new late 2016 HP Spectre 13 is the thinnest ultrabook on the market at only 0.41"" and is built with the highest quality. It comes with new USB C connectivity, a beautiful IPS display, and a range of specs to meet any need for high end mainstream/business use.  ",i7-7500U,http://www.notebookcheck.net/Intel-Core-i7-7500U-Notebook-Processor.172205.0.html,http://lappylist.com/images/cpu/Intel%20logo.png,"The i7-7500U is a 2.7GHz-3.5GHz Ultra low Voltage processor, having Intel HD Graphics 620 integrated, 2 cores with Hyperthreading, and Turbo Boost. It's well capable of moderate gaming, multimedia purposes, office applications, and more.",Intel Graphics 620,http://www.notebookcheck.net/Intel-HD-Graphics-520.149940.0.html,http://lappylist.com/images/gpu/Intel%20HD%20graphics%20logo.jpg,"Intel HD Graphics 620 are quality integrated graphics that support multiple display, can easily handle light gaming, and is on par with the performance of the Nvidia GT 820M.",8GB,,256GB PCIe,"13.3"" 1920x1080 IPS",10 hrs,9/10,2.45 lbs,0.41 in
,Asus Zenbook UX303UB,"$1,202",https://www.amazon.com/dp/B014VHVZFQ/ref=as_li_ss_tl?ie=UTF8&linkCode=ll1&tag=lappylist-20&linkId=025c6d41e4017e29d6a190302b9bb673,http://lappylist.com/images/laptop/ASUS%20Zenbook%20UX303LA.jpg,"ASUS's Zenbook UX303UB is the top of the line of ASUS's elite line of ultrabooks. It has fantastic build quality, a high end IPS display, great battery life, and a sleek design.",i7-6500U,http://www.notebookcheck.net/Intel-Core-i7-6500U-Notebook-Processor.149431.0.html,http://lappylist.com/images/cpu/Intel%20logo.png,"The i7-6500U is a 2.5GHz-3.1GHz Ultra low Voltage processor, having Intel HD Graphics 520 integrated, 2 cores with Hyperthreading, and Turbo Boost. It's well capable of moderate gaming, multimedia purposes, office applications, and more.",Nvidia GT 940M,http://www.notebookcheck.net/NVIDIA-GeForce-940M.138027.0.html,http://lappylist.com/images/gpu/Nvidia%20logo.jpg,"Nvidia GT 940M graphics are the middle of the line Nvidia dedicated graphics, just before the more gaming oriented GTX cards.  It's well suited for any multimedia use and works well for light to moderate gaming.",12GB,,512GB,"13.3"" 3200x1800 IPS Touch",7 hrs,8/10,3.2 lbs,0.76 in
,Microsoft Surface Pro,"$1,299",http://click.linksynergy.com/fs-bin/click?id=yWbBtc8IBzE&subid=&offerid=402138.1&type=10&tmpid=3763&RD_PARM1=http%3A%2F%2Fwww.microsoftstore.com%2Fstore%2Fmsusa%2Fen_US%2Fpdp%2FSurface-Pro-4%2FproductID.325711500%3Ficid%3Den_US_homepage_hero_1_SP4save100_021616,http://lappylist.com/images/laptop/Microsoft%20Surface%20Pro%204.jpg,"The Surface Pro  is Microsoft's first Intel Kaby Lake iteration of their Surface tablet line. Despite having no number associated with it, it is the successor to the Surface Pro 4. With 50% more battery life, storage and processor options, and memory choices. It's high quality and great for a range of uses, making it a great convertible option.",i5-7300U,https://www.notebookcheck.net/Intel-Core-i5-7300U-Laptop-Processor.189833.0.html,http://lappylist.com/images/cpu/Intel%20logo.png,"The i5-7300U is a 2.6GHz-3.5GHz Ultra low Voltage processor, having Intel HD Graphics 620 integrated, 2 cores with Hyperthreading, and Turbo Boost. It's well capable of moderate gaming, multimedia purposes, office applications, and more.",Intel Graphics 620,http://www.notebookcheck.net/Intel-HD-Graphics-520.149940.0.html,http://lappylist.com/images/gpu/Intel%20HD%20graphics%20logo.jpg,"Intel HD Graphics 620 are quality integrated graphics that support multiple display, can easily handle light gaming, and is on par with the performance of the Nvidia GT 920M.",8GB,,256GB,"12.3"" 2736x1824 IPS Touch",13.5 hrs,9/10,1.73 lbs,0.33 in
High,Asus Zenbook UX390UA,"$1,499",http://www.anrdoezrs.net/links/7707423/type/dlg/https://www.newegg.com/Product/Product.aspx?Item=N82E16834234301&cm_re=asus_zenbook-_-34-234-301-_-Product,http://lappylist.com/images/laptop/Asus%20Zenbook%20UX390UA.jpg,"The Zenbook 3 UX390 is the ultra-high end of Asus's already premium Zenbook line. Weighing in at only 2lbs, it's only a half inch thick and has and incredibly fast PCIe 512GB SSD, beautiful IPS display, fantastic battery life, and premium sound, which is unheard of on a notebook of this size. ",i7-7500U,https://www.notebookcheck.net/Intel-Core-i7-7500U-Notebook-Processor.172205.0.html,http://lappylist.com/images/cpu/Intel%20logo.png,"The i7-6500U is a 2.7GHz-3.5GHz Ultra low Voltage processor, having Intel HD Graphics 520 integrated, 2 cores with Hyperthreading, and Turbo Boost. It's well capable of moderate gaming, multimedia purposes, office applications, and more.",Intel Graphics 620,https://www.notebookcheck.net/Intel-HD-Graphics-620.172256.0.html,http://lappylist.com/images/gpu/Intel%20HD%20graphics%20logo.jpg,"Intel HD Graphics 620 are quality integrated graphics that support multiple display, can easily handle light gaming, and is on par with the performance of the Nvidia GT 920M.",16GB,,512GB PCIe,"12.5"" 1920x1080 IPS",9 hrs,10/10,2 lbs,0.5 in
Very High,Apple Macbook Pro 13 /w bar,"$1,699",https://www.amazon.com/dp/B01LTHXA9A/ref=as_li_ss_tl?ie=UTF8&linkCode=ll1&tag=lappylist-20&linkId=20e5d458a1bcf4af757e47213a365d78,http://lappylist.com/images/laptop/Apple%20Macbook%20Pro%20Retina%2013.jpg,"The Apple Macbook Pro Retina 13 is a relatively powerful ultrabook with fantastic build quality and battery life with a beautiful 13.3"" 2560x1600 IPS Retina display. This is the newest refresh of the laptop featuring a new optional OLED customizable touch bar and four Thunderbolt 3 ports.",i5-6267U,http://www.notebookcheck.net/Intel-Core-i5-6267U-Notebook-Processor.149852.0.html,http://lappylist.com/images/cpu/Intel%20logo.png,"The i5-6267U is a dual-core 2.9GHz-3.3GHz Low Voltage processor with relatively powerful Intel Iris Graphics 550, powerful enough for even more CPU intensive applications, while still being efficient enough to not inhibit battery life.",Intel Iris Graphics 550,http://www.notebookcheck.net/Intel-Iris-Graphics-6100.125591.0.html,http://lappylist.com/images/gpu/Intel%20HD%20graphics%20logo.jpg,Iris Graphics 550 are Broadwell integrated graphics more powerful than the more average Intel HD graphics and can perform slightly ahead of the Nvidia GT 920M,8GB,,128GB PCIe,"13.3"" 2560x1600 IPS",10 hrs,10/10,3.5 lbs,0.71 in
,x,x,x,x,x,x,x,x,x,x,x,x,x,x,x,x,x,x,x,x,x